search_name,real_name,nickname,category,dates,place_of_birth,biography_link
Adolfo Carabelli,"Carabelli, Adolfo Leandro", ,"Pianist, composer and leader",(8 September 1893 - 25 January 1947),Place of birth: San Fernando (Buenos Aires) Argentina,https://www.todotango.com/english/artists/biography/89/Adolfo-Carabelli/
Ahumada Bonano,, ,,(n/d - ),Place of birth: , 
Alberto Di Paulo,"Di Paolo, Antonio J.", ,"Bandoneonist, leader, composer and arranger",(12 July 1929 - 13 July 2011),Place of birth: Buenos Aires Argentina,https://www.todotango.com/english/artists/biography/1026/Alberto-Di-Paulo/
Alberto Mancione,"Tortora, Genaro", ,"Bandoneonist, leader and composer",(8 October 1915 - 4 July 1998),Place of birth: Buenos Aires Argentina, 
Alejandro Scarpino,"Scarpino, Alejandro", ,"Bandoneonist, leader and composer",(16 January 1904 - 27 May 1970),Place of birth: Buenos Aires Argentina,https://www.todotango.com/english/artists/biography/1374/Alejandro-Scarpino/
Alfredo Attadia,"Attadía, Alfredo Adolfo",Nicknames: El Bandoneón de Oro,"Bandoneonist, composer and leader",(9 January 1914 - 30 January 1982),Place of birth: San Martín (Buenos Aires) Argentina,https://www.todotango.com/english/artists/biography/934/Alfredo-Attadia/
Alfredo De Angelis,"De Angelis, Alfredo",Nicknames: Diego Anson/El colorado,"Pianist, leader and composer.",(2 November 1910 - 31 March 1992),Place of birth: Adrogué (Buenos Aires) Argentina,https://www.todotango.com/english/artists/biography/33/Alfredo-De-Angelis/
Alfredo Gobbi,"Gobbi, Alfredo Julio Floro",Nicknames: El violín romántico del tango,"Violinist, leader and composer",(14 May 1912 - 21 May 1965),Place of birth: París France,https://www.todotango.com/english/artists/biography/42/Alfredo-Gobbi/
Alfredo Malerba,"Malerba, Antonio Alfredo", ,"Pianist, leader, composer.",(24 September 1909 - 9 January 1994),Place of birth: Buenos Aires Argentina, 
Americo Belloto,,Nicknames: Don Américo,Violinist and leader,(30 April 1913 - 30 April 1965),Place of birth: , 
Angel Condercuri,"Condercuri, Ángel Félix",Nicknames: Del Conde,"Bandoneonist, leader, arranger and composer",(2 August 1912 - 15 September 1996),Place of birth: Buenos Aires Argentina,https://www.todotango.com/english/artists/biography/1300/angel-Condercuri/
Angel D'Agostino,"D'Agostino, Ángel Domingo Emilio", ,"Pianist, composer and leader",(25 May 1900 - 16 January 1991),Place of birth: Buenos Aires Argentina,https://www.todotango.com/english/artists/biography/31/angel-DAgostino/
Anibal Troilo,"Troilo, Aníbal Carmelo",Nicknames: Pichuco,"Bandoneon player, leader and composer.",(11 July 1914 - 19 May 1975),Place of birth: Buenos Aires Argentina,https://www.todotango.com/english/artists/biography/50/Anibal-Troilo/
Anselmo Aieta,"Aieta, Anselmo Alfredo","Nicknames: Ricardo Aieta, Pepe Soles y Lagaña","Bandoneonist, composer and leader",(5 November 1896 - 25 September 1964),Place of birth: Buenos Aires Argentina,https://www.todotango.com/english/artists/biography/1/Anselmo-Aieta/
Antonio Bonavena,"Bonavena, Antonio", ,"Bandoneonist, leader and composer",(14 March 1896 - 22 July 1960),Place of birth: San Costantino de Briatico (Vibo Valentia) Italy,https://www.todotango.com/english/artists/biography/867/Antonio-Bonavena/
Antonio Rodio,"Rodio, Antonio", ,"Violinist, leader and composer",(25 January 1904 - 1 June 1980),Place of birth: Crispiano (Tarento) Italy,https://www.todotango.com/english/artists/biography/47/Antonio-Rodio/
Argentino Galvan,"Galván, Argentino Liborio", ,"Violinist, arranger, leader and composer",(13 July 1913 - 8 November 1960),Place of birth: Chivilcoy (Buenos Aires) Argentina,https://www.todotango.com/english/artists/biography/822/Argentino-Galvan/
Armando Cupo,"Cupo, Oscar Armando", ,"Pianist, leader and composer",(26 December 1921 - 21 July 1990),Place of birth: Buenos Aires Argentina,https://www.todotango.com/english/artists/biography/1057/Armando-Cupo/
Armando Lacava,"Lacava, Armando", ,"Pianist, bandleader, arranger and composer",(12 December 1915 - 8 April 1989),Place of birth: Bahía Blanca (Buenos Aires) Argentina,https://www.todotango.com/english/artists/biography/1492/Armando-Lacava/
Armando Pontier,"Punturero, Armando Francisco", ,"Bandoneonist, leader and composer",(29 August 1917 - 25 December 1983),Place of birth: Zárate (Buenos Aires) Argentina,https://www.todotango.com/english/artists/biography/700/Armando-Pontier/
Astor Piazzolla,"Piazzolla, Astor Pantaleón", ,"Bandoneonist, leader, composer and arranger",(11 March 1921 - 4 July 1992),Place of birth: Mar del Plata (Buenos Aires) Argentina,https://www.todotango.com/english/artists/biography/44/Astor-Piazzolla/
Atilio Stampone,"Stampone, Antonio Atilio", ,"Pianist, arranger, leader and composer",(1 July 1926 - ),Place of birth: Buenos Aires Argentina,https://www.todotango.com/english/artists/biography/715/Atilio-Stampone/
Bachicha,"Deambroggio, Juan Bautista",Nicknames: Bachicha y Bachichín,"Bandoneonist, composer and leader",(2 March 1890 - 28 November 1963),Place of birth: La Plata (Buenos Aires) Argentina,https://www.todotango.com/english/artists/biography/199/Bachicha/
Baffa Berlingieri,Baffa-Berlingieri, ,,(n/d - ),Place of birth: , 
Carlos Demaria,"Fernández, Juan Esteban",Nicknames: Yo toqué,"Bandoneonist, band leader and composer",(2 September 1914 - 11 August 1976),Place of birth: Buenos Aires Argentina,https://www.todotango.com/english/artists/biography/1504/Carlos-Demaria/
Carlos Di Sarli,"Di Sarli, Carlos",Nicknames: El Señor del Tango,"Pianist, leader and composer",(7 January 1903 - 12 January 1960),Place of birth: Bahía Blanca (Buenos Aires) Argentina,https://www.todotango.com/english/artists/biography/36/Carlos-Di-Sarli/
Carlos Figari,"Figari, Carlos Alberto", ,"Pianist, leader and composer",(3 August 1913 - 22 October 1994),Place of birth: Buenos Aires Argentina,https://www.todotango.com/english/artists/biography/912/Carlos-Figari/
Carlos Garcia,"García, Carlos Juan Pedro", ,"Pianist, leader, arranger and composer",(21 April 1914 - 4 August 2006),Place of birth: Capilla del Señor (Buenos Aires) Argentina,https://www.todotango.com/english/artists/biography/841/Carlos-Garcia/
Carlos Marcucci,"Marcucci, Carlos",Nicknames: El pibe de Wilde,"Bandoneonist, leader and composer",(30 October 1903 - 31 May 1957),Place of birth: Buenos Aires Argentina,https://www.todotango.com/english/artists/biography/91/Carlos-Marcucci/
Carlos Vicente Geroni Flores,"Geroni, Alejandro Carlos Vicente",Nicknames: Negro Flores,"Violinist, pianist, leader and composer",(22 March 1895 - 22 June 1953),Place of birth: Buenos Aires Argentina,https://www.todotango.com/english/artists/biography/439/Carlos-Vicente-Geroni-Flores/
Catulo Castillo,"González Castillo, Ovidio Cátulo", ,"Poet, lyricist, composer and leader",(6 August 1906 - 19 October 1975),Place of birth: Buenos Aires Argentina,https://www.todotango.com/english/artists/biography/59/Catulo-Castillo/
Cayetano Puglisi,"Puglisi, Cayetano", ,"Violinist, leader and composer",(2 January 1902 - 2 November 1968),Place of birth: Mesina (Mesina) Italy,https://www.todotango.com/english/artists/biography/651/Cayetano-Puglisi/
Ciriaco Ortiz,"Ortiz Barrionuevo, Ángel Ciriaco",Nicknames: Ciriaquito,"Bandoneonist, director and composer",(5 August 1905 - 9 July 1970),Place of birth: Córdoba Argentina,https://www.todotango.com/english/artists/biography/203/Ciriaco-Ortiz/
Daniel Lomuto,"Lomuto, Enrique Daniel", ,"Bandoneonist, arranger, leader and composer",(14 February 1934 - 28 March 1994),Place of birth: Buenos Aires Argentina,https://www.todotango.com/english/artists/biography/1078/Daniel-Lomuto/
Domingo Federico,"Federico, Domingo Serafín", ,"Bandoneonist, leader, composer and teacher",(4 June 1916 - 6 April 2000),Place of birth: Buenos Aires Argentina,https://www.todotango.com/english/artists/biography/732/Domingo-Federico/
Domingo Marafioti,"Marafioti, Domingo Antonio Ramón", ,"Pianist, leader and composer",(25 October 1913 - 29 March 2002),Place of birth: Tucumán Argentina,https://www.todotango.com/english/artists/biography/1450/Domingo-Marafioti/
Don Aspiazu,"Aspiazú, Josto", ,"Pianist, leader and composer",(1894 - 1943),Place of birth: ,https://www.todotango.com/english/artists/biography/301/Don-Aspiazu/
Donato Racciatti,"Racciatti, Donato", ,"Bandoneo player, leader and composer",(18 October 1918 - 27 May 2000),Place of birth: Guilmi (Chieti) Italy,https://www.todotango.com/english/artists/biography/799/Donato-Racciatti/
Edelmiro D'Amario,"D’Amario, Edelmiro Antonio",Nicknames: Toto,"Bandoneonist, arranger, leader and composer",(29 August 1920 - 28 September 2001),Place of birth: Los Hornos (Buenos Aires) Argentina,https://www.todotango.com/english/artists/biography/1073/Edelmiro-DAmario/
Edgardo Donato,"Donato, Edgardo Felipe Valerio", ,"Violinist, leader and composer",(14 April 1897 - 15 February 1963),Place of birth: Buenos Aires Argentina,https://www.todotango.com/english/artists/biography/290/Edgardo-Donato/
Eduardo Bianco,"Bianco, Eduardo Vicente",Nicknames: Manuel Bianco,"Violinist, composer and leader",(28 June 1892 - 26 October 1959),Place of birth: Rosario (Santa Fe) Argentina,https://www.todotango.com/english/artists/biography/324/Eduardo-Bianco/
Eduardo Del Piano,"Del Piano, Eduardo", ,"Bandoneonist, arranger and leader",(14 May 1914 - 21 December 1987),Place of birth: Buenos Aires Argentina,https://www.todotango.com/english/artists/biography/818/Eduardo-Del-Piano/
Emilio Balcarce,"Sitano, Emilio Juan", ,"Violinist, bandoneonist, bandleader, arranger and composer",(22 February 1918 - 19 January 2011),Place of birth: Buenos Aires Argentina,https://www.todotango.com/english/artists/biography/1045/Emilio-Balcarce/
Emilio Brameri,"Brameri, Emilio Dionisio Juan",Nicknames: Corso D’Acapo / Germinal Redoma,"Pianist, violinist, accordionist, director, composer and arranger",(18 March 1905 - 27 January 1981),Place of birth: Buenos Aires Argentina,https://www.todotango.com/english/artists/biography/1591/Emilio-Brameri/
Enrique Alessio,"Alessio, Carmelo Enrique", ,"Bandoneonist, composer, leader and arranger",(8 January 1918 - 6 September 2000),Place of birth: Buenos Aires Argentina,https://www.todotango.com/english/artists/biography/959/Enrique-Alessio/
Enrique Cadicamo,"Cadícamo, Domingo Enrique",Nicknames: Rosendo Luna y Yino Luzzi,"Poet, lyricist, composer, writer and theatral writer",(15 July 1900 - 3 December 1999),Place of birth: General Rodríguez (Buenos Aires) Argentina,https://www.todotango.com/english/artists/biography/55/Enrique-Cadicamo/
Enrique Delfino,"Delfino, Enrique Pedro","Nicknames: Delfy, Rock y Dreyfus","Pianist, composer, leader, actor and humorist.",(15 November 1895 - 10 January 1967),Place of birth: Buenos Aires Argentina,https://www.todotango.com/english/artists/biography/35/Enrique-Delfino/
Enrique Francini,"Francini, Enrique Mario", ,"Violinist, leader and composer",(14 January 1916 - 27 August 1978),Place of birth: San Fernando (Buenos Aires) Argentina,https://www.todotango.com/english/artists/biography/701/Enrique-Francini/
Enrique Mora,"Mora, Enrique Fausto", ,"Pianist, bandleader and composer",(8 February 1915 - 14 July 2003),Place of birth: Buenos Aires Argentina,https://www.todotango.com/english/artists/biography/1471/Enrique-Mora/
Enrique Rodriguez,"Rodríguez, Enrique A.",Nicknames: Luis María Meca,"Bandoneon player, leader and composer",(8 March 1901 - 4 September 1971),Place of birth:  Argentina,https://www.todotango.com/english/artists/biography/734/Enrique-Rodriguez/
Enrique Santos Discepolo,"Discépolo, Enrique Santos", ,"Poet, composer, actor and playwright.",(27 March 1901 - 23 December 1951),Place of birth: Buenos Aires Argentina,https://www.todotango.com/english/artists/biography/62/Enrique-Santos-Discepolo/
Esposito Genaro,"Espósito, Genaro Ricardo",Nicknames: El Tano Genaro,"Bandoneonist, guitarist, pianist, composer and leader",(17 February 1886 - 24 January 1944),Place of birth: Buenos Aires Argentina,https://www.todotango.com/english/artists/biography/697/Genaro-Esposito/
Esteban Morgado,, ,Guitarist and composer,(8 April 1958 - ),Place of birth: Buenos Aires Argentina, 
Feliciano Brunelli,"Brunelli, Félicien",Nicknames: Jean Bontamps,"Acordeonist, pianist, bandleader and composer",(7 February 1903 - 27 August 1981),Place of birth: Marsella (Bocas del Ródano) France,https://www.todotango.com/english/artists/biography/1195/Feliciano-Brunelli/
Florindo Sassone,"Sassone, Pedro Florindo", ,"Violinist, director and composer",(12 January 1912 - 31 January 1982),Place of birth: Buenos Aires Argentina,https://www.todotango.com/english/artists/biography/736/Florindo-Sassone/
Francini Pontier,Orquesta Francini-Pontier, ,Orchestra,(1945 - 1955),Place of birth: , 
Francisco Alongi,"Alongi, François Henry",Nicknames: J. C. Mendozino,Pianist and composer,(27 December 1889 - 12 March 1970),Place of birth: Tunez Tunisia,https://www.todotango.com/english/artists/biography/185/Francisco-Alongi/
Francisco Canaro,"Canaro, Francisco",Nicknames: Pirincho,"Musician, violinist, leader and composer.",(26 November 1888 - 14 December 1964),Place of birth: San José de Mayo (San José) Uruguay,https://www.todotango.com/english/artists/biography/28/Francisco-Canaro/
Francisco Lauro,"Lauro, Francesco",Nicknames: El Tano / Pancho Picaflor,"Bandoneonist, bandleader, composer and lyricist",(17 May 1897 - 12 August 1960),Place of birth: Mola (Bari) Italy,https://www.todotango.com/english/artists/biography/1669/Francisco-Lauro/
Francisco Lomuto,"Lomuto, Francisco Juan",Nicknames: Pancho Laguna,"Pianist, leader and composer.",(24 November 1893 - 23 December 1950),Place of birth: Buenos Aires Argentina,https://www.todotango.com/english/artists/biography/101/Francisco-Lomuto/
Francisco Rotundo,"Rotundo, Francisco Luis", ,"Pianist, composer and leader",(4 November 1919 - 26 September 1997),Place of birth: Buenos Aires Argentina,https://www.todotango.com/english/artists/biography/776/Francisco-Rotundo/
Fulvio Salamanca,"Salamanca, Julio Werfiel",Nicknames: Tony Cayena,"Pianist, leader, arranger and composer",(19 August 1921 - 25 May 1999),Place of birth: Juan B. Molina (Santa Fe) Argentina,https://www.todotango.com/english/artists/biography/769/Fulvio-Salamanca/
Geronimo Bongioni,"Bongiorno, Gerónimo José", ,"Violinist, composer and leader",(n/d - n/d),Place of birth: Macachín (La Pampa) Argentina, 
Gregor Kalikian,"Kallekian, Krikor Bedros", ,"Composer, leader and dancer",(28 February 1897 - 1971),Place of birth: Estambul (Estambul) Turkey,https://www.todotango.com/english/artists/biography/236/Gregor-Kalikian/
Hector Grane,"Grané, Héctor Abel",Nicknames: Abel Arriola / Abel Azar,"Pianist, leader and composer",(23 May 1914 - n/d),Place of birth:  Argentina, 
Hector Stamponi,"Stamponi, Héctor Luciano",Nicknames: Chupita,"Pianist, leader, arranger, composer and lyricist",(24 December 1916 - 3 December 1997),Place of birth: Campana (Buenos Aires) Argentina,https://www.todotango.com/english/artists/biography/103/Hector-Stamponi/
Hector Varela,"Varela, Salustiano Paco", ,"Bandoneonist, leader, arranger and composer",(29 January 1914 - 30 January 1987),Place of birth: Avellaneda (Buenos Aires) Argentina,https://www.todotango.com/english/artists/biography/719/Hector-Varela/
Horacio Pettorossi,"Gemignani Pettorossi, Horacio",Nicknames: El Marqués,"Guitarist, composer and leader",(21 October 1896 - 25 December 1960),Place of birth: Buenos Aires Argentina,https://www.todotango.com/english/artists/biography/134/Horacio-Pettorossi/
Horacio Salgan,"Salgán, Horacio Adolfo", ,"Pianist, leader and composer",(15 June 1916 - 19 August 2016),Place of birth: Buenos Aires Argentina,https://www.todotango.com/english/artists/biography/1047/Horacio-Salgan/
Hugo Diaz,"Díaz, Víctor Hugo", ,Harmonica player and composer,(10 August 1927 - 23 October 1977),Place of birth: Santiago del Estero (Santiago del Estero) Argentina,https://www.todotango.com/english/artists/biography/1604/Hugo-Diaz/
Imperio Argentina,"Nile del Río, Magdalena","Nicknames: Petit Imperio, Imperio Argentina",Singer and actress,(26 December 1906 - 22 August 2003),Place of birth: Buenos Aires Argentina,https://www.todotango.com/english/artists/biography/644/Imperio-Argentina/
Ismael Spitalnik,"Spitalnik, Ismael", ,"Bandoneonist, leader, arranger and composer",(27 August 1919 - 12 October 1999),Place of birth: Buenos Aires Argentina,https://www.todotango.com/english/artists/biography/618/Ismael-Spitalnik/
Joaquin Do Reyes,"Do Reyes, Joaquín", ,"Bandoneonist, leader and composer",(26 January 1905 - 8 June 1987),Place of birth: Buenos Aires Argentina,https://www.todotango.com/english/artists/biography/168/Joaquin-Do-Reyes/
Jorge Caldara,"Caldara, Jorge", ,"Bandoneonist, leader and composer",(17 September 1924 - 24 August 1967),Place of birth: Buenos Aires Argentina,https://www.todotango.com/english/artists/biography/10/Jorge-Caldara/
Jorge Dragone,"Dragone, Nicolás Jorge", ,"Pianist, composer, arranger and leader",(12 February 1927 - 31 May 2020),Place of birth: General Villegas (Buenos Aires) Argentina, 
Jose Basso,"Basso, José Hipólito",Nicknames: Raúl Román,"Pianist, leader and composer",(30 January 1919 - 14 August 1993),Place of birth: Pergamino (Buenos Aires) Argentina,https://www.todotango.com/english/artists/biography/704/Jose-Basso/
Jose Garcia,"García, José Francisco", ,"Violinist, leader and composer",(22 July 1908 - 5 April 2000),Place of birth: Buenos Aires Argentina,https://www.todotango.com/english/artists/biography/757/Jose-Garcia/
Jose Libertella,"Libertella, Giuseppe",Nicknames: José D'Ariño,"Bandoneonist, arranger, leader and composer",(9 July 1933 - 8 December 2004),Place of birth: Calvera (Potenza) Italy,https://www.todotango.com/english/artists/biography/1092/Jose-Libertella/
Jose Luis Padula,"Padula, José Luis", ,"Guitarist, pianist, composer and leader",(30 October 1893 - 12 June 1945),Place of birth: (Tucumán) Argentina,https://www.todotango.com/english/artists/biography/933/Jose-Luis-Padula/
Jose Sala,"Sala, José",Nicknames: Tito Donald,"Pianist, bandleader and composer",(24 April 1909 - 23 June 1987),Place of birth: Rosario (Santa Fe) Argentina,https://www.todotango.com/english/artists/biography/1194/Jose-Sala/
Jose Tinelli,"Tinelli, José", ,"Pianist, leader and composer",(13 April 1911 - 27 July 1960),Place of birth: Buenos Aires Argentina,https://www.todotango.com/english/artists/biography/6/Jose-Tinelli/
Juan Canaro,"Canaro, Juan",Nicknames: Macaco,"Bandoneonist, leader and composer",(23 June 1892 - 16 March 1977),Place of birth: San José de Mayo (San José) Uruguay,https://www.todotango.com/english/artists/biography/348/Juan-Canaro/
Juan Carlos Caviello,"Caccaviello, Juan Carlos",Nicknames: El Pibe del Bandoneón,"Bandoneonist, leader and composer",(21 December 1923 - 30 April 2016),Place of birth: Quilmes (Buenos Aires) Argentina, 
Juan Carlos Cobian,"Cobián, Juan Carlos",Nicknames: Goubián; El Aristócrata del Tango,"Pianist, leader, composer and lyricist",(31 May 1896 - 10 December 1953),Place of birth: Pigüé (Buenos Aires) Argentina,https://www.todotango.com/english/artists/biography/30/Juan-Carlos-Cobian/
Juan Cruz Mateo,"Mateo, Juan Cruz", ,"Pianist, violinist, bandleader, composer and painter",(25 December 1904 - 11 July 1951),Place of birth: Ensenada (Buenos Aires) Argentina,https://www.todotango.com/english/artists/biography/1190/Juan-Cruz-Mateo/
Juan D'Arienzo,"D'Arienzo, Juan",Nicknames: El Rey del compás,"Violinist, leader and composer ",(14 December 1900 - 14 January 1976),Place of birth: Buenos Aires Argentina,https://www.todotango.com/english/artists/biography/32/Juan-DArienzo/
Juan De Dios Filiberto,"Orquesta Nacional de Música Argentina ""Juan de Dios Filiberto""", ,Orchestra,(n/d - n/d),Place of birth: , 
Juan Jose Mosalini,"Mosalini, Juan José", ,"Bandoneonist, leader and composer",(29 November 1943 - 27 May 2022),Place of birth: Buenos Aires Argentina,https://www.todotango.com/english/artists/biography/923/Juan-Jose-Mosalini/
Juan Maglio,"Maglio, Juan Félix",Nicknames: Pacho y J. Oglima,"Bandoneonist, leader and composer",(18 November 1881 - 14 July 1934),Place of birth: Buenos Aires Argentina,https://www.todotango.com/english/artists/biography/39/Juan-Maglio/
Juan Polito,"Polito, Juan",Nicknames: Juan Vellejos y Manos Brujas,"Pianist, leader, arranger and composer",(11 July 1908 - 25 October 1981),Place of birth: Buenos Aires Argentina,https://www.todotango.com/english/artists/biography/99/Juan-Polito/
Juan Sanchez Gorio,"Sánchez, Juan Gregorio", ,"Bandoneonist, leader and composer",(28 November 1920 - 29 July 1979),Place of birth:  Spain,https://www.todotango.com/english/artists/biography/883/Juan-Sanchez-Gorio/
Julio De Caro,"De Caro, Julio",Nicknames: José Julián,"Violinist, leader and composer",(11 December 1899 - 11 March 1980),Place of birth: Buenos Aires Argentina,https://www.todotango.com/english/artists/biography/34/Julio-De-Caro/
Leo Lipesker,"Lipezker, León",Nicknames: Riel,Violinist and composer,(1 January 1916 - 1 October 1979),Place of birth: Rosario (Santa Fe) Argentina,https://www.todotango.com/english/artists/biography/1418/Leo-Lipesker/
Leopoldo Federico,"Federico, Leopoldo", ,"Bandoneonist, conductor and composer",(12 January 1927 - 28 December 2014),Place of birth: Buenos Aires Argentina,https://www.todotango.com/english/artists/biography/765/Leopoldo-Federico/
Lorenzo Barbero,"Barbero, Isidro Lorenzo", ,"Violinist, leader and composer",(6 September 1918 - 23 June 2009),Place of birth: James Craik (Córdoba) Argentina,https://www.todotango.com/english/artists/biography/1167/Lorenzo-Barbero/
Los Tubatango,, ,,(n/d - ),Place of birth: , 
Lucio Demare,"Demare, Lucio", ,"Pianist, composer, arranger and leader",(9 August 1906 - 6 March 1974),Place of birth: Buenos Aires Argentina,https://www.todotango.com/english/artists/biography/414/Lucio-Demare/
Luis Petrucelli,"Petrucelli, Luis", ,"Bandoneonist, leader and composer",(18 January 1903 - 28 February 1941),Place of birth: Buenos Aires Argentina,https://www.todotango.com/english/artists/biography/660/Luis-Petrucelli/
Luis Stazo,"Stazo, Luis Antonio", ,"Bandoneonist, leader, arranger and composer",(21 June 1930 - 21 March 2016),Place of birth: Buenos Aires Argentina,https://www.todotango.com/english/artists/biography/962/Luis-Stazo/
Manuel Buzon,"Buzón, Manuel", ,"Pianist, singer, leader and composer",(18 December 1904 - 14 July 1954),Place of birth: Buenos Aires Argentina,https://www.todotango.com/english/artists/biography/26/Manuel-Buzon/
Manuel Pizarro,"Pizarro, Manuel", ,"Bandoneonist, leader and composer",(23 November 1895 - 10 November 1982),Place of birth: Buenos Aires Argentina,https://www.todotango.com/english/artists/biography/93/Manuel-Pizarro/
Mariano Mores,"Martínez, Mariano", ,"Pianist, leader and composer",(18 February 1918 - 13 April 2016),Place of birth: Buenos Aires Argentina,https://www.todotango.com/english/artists/biography/616/Mariano-Mores/
Mario Demarco,"Lapunzina, Mario Domingo", ,"Bandoneonist, leader, arranger and composer",(5 August 1917 - 4 February 1970),Place of birth: Buenos Aires Argentina,https://www.todotango.com/english/artists/biography/968/Mario-Demarco/
Mario Maurano,"Maurano, Mario", ,"Pianist, arranger, bandleader and composer",(6 August 1905 - 27 December 1974),Place of birth: Río de Janeiro (Rio de Janeiro) Brazil,https://www.todotango.com/english/artists/biography/1557/Mario-Maurano/
Mario Melfi,"Melfi, Antonio Mario", ,"Bandoneon player, composer and leader",(5 August 1905 - 21 September 1970),Place of birth: Buenos Aires Argentina,https://www.todotango.com/english/artists/biography/110/Mario-Melfi/
Matilde Vitullo,"Vitullo, Matilde", ,"Bandoneonist, composer and leader",(17 October 1973 - ),Place of birth: Buenos Aires Argentina, 
Miguel Calo,"Caló, Miguel", ,"Bandoneonist, leader and composer",(28 October 1907 - 24 May 1972),Place of birth: Buenos Aires Argentina,https://www.todotango.com/english/artists/biography/27/Miguel-Calo/
Miguel Nijensohn,"Nijensohn, Miguel", ,"Pianist, arranger, leader and composer",(1 December 1911 - 9 May 1983),Place of birth: Buenos Aires Argentina,https://www.todotango.com/english/artists/biography/788/Miguel-Nijensohn/
Miguel Orlando,"Orlando, Miguel", ,"Bandoneonist, leader and composer",(n/d - 20 March 1955),Place of birth: , 
Miguel Villasboas,"Villasboas Rogliardo, Miguel Ángel", ,Pianist and leader,(30 December 1936 - ),Place of birth: Montevideo Uruguay,https://www.todotango.com/english/artists/biography/1163/Miguel-Villasboas/
Minotto Di Cicco,"Di Cicco, Minotti", ,Bandoneonist and leader,(11 October 1898 - 9 September 1979),Place of birth: Montevideo Uruguay,https://www.todotango.com/english/artists/biography/902/Minotto-Di-Cicco/
Nestor Marconi,"Marconi, Néstor Eude", ,"Bandoneonist , leader, arranger and composer",(15 June 1942 - ),Place of birth: Álvarez (Santa Fe) Argentina,https://www.todotango.com/english/artists/biography/825/Nestor-Marconi/
Orlando Tripodi,"Trípodi, José Orlando", ,"Pianist, leader, composer and arranger",(26 February 1927 - 12 August 1995),Place of birth: San Juan Argentina,https://www.todotango.com/english/artists/biography/1351/Orlando-Tripodi/
Orquesta Romantica Milonguera,, ,Orchestra,(n/d - ),Place of birth: , 
Orquesta Simbolo Osmar Maderna,"Orquesta Símbolo ""Osmar Maderna""", ,,(n/d - n/d),Place of birth: , 
Orquesta Tipica Sans Souci,Orquesta Típica Sans Souci, ,Orchestra,(1999 - ),Place of birth: , 
Osmar Maderna,"Orquesta Símbolo ""Osmar Maderna""", ,,(n/d - n/d),Place of birth: , 
Osvaldo Berlingieri,"Bellinghieri, Osvaldo David",Nicknames: El Tano,"Pianist, leader and composer",(20 February 1928 - 8 February 2015),Place of birth: Haedo (Buenos Aires) Argentina,https://www.todotango.com/english/artists/biography/1001/Osvaldo-Berlingieri/
Osvaldo Fresedo,"Fresedo, Osvaldo Nicolás",Nicknames: El Pibe de La Paternal,"Bandoneonist, director and composer.",(5 May 1897 - 18 November 1984),Place of birth: Buenos Aires Argentina,https://www.todotango.com/english/artists/biography/41/Osvaldo-Fresedo/
Osvaldo Manzi,"Manzione, Osvaldo Ramón", ,"Pianist, composer, leader and arranger",(31 August 1925 - 18 April 1976),Place of birth: Buenos Aires Argentina,https://www.todotango.com/english/artists/biography/895/Osvaldo-Manzi/
Osvaldo Pugliese,"Pugliese, Osvaldo Pedro", ,"Pianist, leader, composer.",(2 December 1905 - 25 July 1995),Place of birth: Buenos Aires Argentina,https://www.todotango.com/english/artists/biography/46/Osvaldo-Pugliese/
Osvaldo Requena,"Requena, Osvaldo Francisco", ,"Pianist, leader, composer and arranger",(29 June 1931 - 25 March 2010),Place of birth: Buenos Aires Argentina, 
Osvaldo Tarantino,"Tarantino, Osvaldo", ,"Pianist, leader, composer and arranger",(6 June 1927 - 10 September 1991),Place of birth: Buenos Aires Argentina,https://www.todotango.com/english/artists/biography/1060/Osvaldo-Tarantino/
Pascual Elia,"Elía, Pascual", ,"Bandoneonista, composer and leader",(2 September 1929 - ),Place of birth: Necochea (Buenos Aires) Argentina, 
Pedro Laurenz,"Blanco Acosta, Pedro", ,"Bandoneon player, director and composer",(10 October 1902 - 7 July 1972),Place of birth: Buenos Aires Argentina,https://www.todotango.com/english/artists/biography/43/Pedro-Laurenz/
Pedro Maffia,"Maffia, Pedro Mario",Nicknames: El pibe de Flores,"Bandoneonist, leader, composer, teacher",(28 August 1899 - 16 October 1967),Place of birth: Buenos Aires Argentina,https://www.todotango.com/english/artists/biography/3/Pedro-Maffia/
Puglia Pedroza,, ,Orchestra,(n/d - ),Place of birth: ,https://www.todotango.com/english/artists/biography/1549/Puglia-Pedroza/
Rafael Canaro,"Canaro, Rafael", ,"Bass player, leader and composer",(22 June 1890 - 28 January 1972),Place of birth: San José de Mayo (San José) Uruguay,https://www.todotango.com/english/artists/biography/350/Rafael-Canaro/
Raul Garello,"Garello, Raúl", ,"Bandoneon player, leader and composer",(3 January 1936 - 29 September 2016),Place of birth: Chacabuco (Buenos Aires) Argentina,https://www.todotango.com/english/artists/biography/786/Raul-Garello/
Raul Kaplun,"Kaflún, Israel", ,"Violinist, leader and composer",(11 November 1910 - 23 January 1990),Place of birth: Buenos Aires Argentina,https://www.todotango.com/english/artists/biography/861/Raul-Kaplun/
Reynaldo Nichele,"Nichele, Reynaldo Fidel", ,Violinist,(1 June 1918 - 25 April 1998),Place of birth: Zárate (Buenos Aires) Argentina, 
Ricardo Malerba,"Malerba, Ricardo Francisco",Nicknames: Luz Demar,"Bandoneonist, leader and composer",(24 August 1905 - 29 June 1974),Place of birth: Buenos Aires Argentina,https://www.todotango.com/english/artists/biography/729/Ricardo-Malerba/
Ricardo Pedevilla,"Pedevilla, Ricardo Ángel", ,"Bandoneonist, bandleader and composer",(22 November 1915 - n/d),Place of birth: Buenos Aires Argentina,https://www.todotango.com/english/artists/biography/1270/Ricardo-Pedevilla/
Ricardo Tanturi,"Tanturi, Ricardo",Nicknames: El caballero del tango,"Pianist, leader and composer",(27 January 1905 - 24 January 1973),Place of birth: Buenos Aires Argentina,https://www.todotango.com/english/artists/biography/49/Ricardo-Tanturi/
Roberto Alvarez,"Alvarez, Roberto Daniel", ,"Bandoneonist, leader and composer",(7 May 1940 - ),Place of birth: Chacabuco (Buenos Aires) Argentina, 
Roberto Calo,"Caló, Francisco", ,"Pianist, leader, composer, singer and actor",(26 April 1913 - 26 April 1985),Place of birth: Buenos Aires Argentina,https://www.todotango.com/english/artists/biography/865/Roberto-Calo/
Roberto Firpo,"Firpo, Roberto", ,"Pianist, composer and leader.",(10 May 1884 - 14 June 1969),Place of birth: Las Flores (Buenos Aires) Argentina,https://www.todotango.com/english/artists/biography/37/Roberto-Firpo/
Roberto Garza,"García López, José", ,Bandoneon player and composer,(8 October 1912 - 21 May 1981),Place of birth: Buenos Aires Argentina, 
Roberto Grela,"Grela, Roberto León", ,Guitarist and composer,(28 June 1913 - 6 September 1992),Place of birth: Buenos Aires Argentina,https://www.todotango.com/english/artists/biography/100/Roberto-Grela/
Roberto Nievas Blanco,"Nievas, Roberto Higinio", ,"Pianist, composer and lyricist",(28 April 1916 - 10 April 1992),Place of birth: Buenos Aires Argentina, 
Roberto Zerrillo,"Zerrillo Capozzi, Roberto Pedro", ,"Violinist, leader and composer",(20 July 1902 - 5 May 1955),Place of birth: Montevideo Uruguay,https://www.todotango.com/english/artists/biography/801/Roberto-Zerrillo/
Rodolfo Biagi,"Biagi, Rodolfo",Nicknames: Manos Brujas,"Pianist, composer and leader",(14 March 1906 - 24 September 1969),Place of birth: Buenos Aires Argentina,https://www.todotango.com/english/artists/biography/98/Rodolfo-Biagi/
Rodolfo Quiroga,"Quiroga, Rodolfo", ,Bandoneonist,(n/d - n/d),Place of birth: , 
Sexteto Tango,, ,Orchestra,(1968 - 1991),Place of birth: , 
Tango Bardo,, ,Quartet,(n/d - ),Place of birth:  Argentina, 
Terig Tucci,"Tucci, Terigio", ,"Violinist, pianist, arranger, composer and bandleader",(23 June 1897 - 28 February 1973),Place of birth: Buenos Aires Argentina,https://www.todotango.com/english/artists/biography/597/Terig-Tucci/
Tipica Victor,Orquesta Típica Victor, ,Orchestra,(1925 - 1944),Place of birth: , 
Victor Buchino,"Buchino, Víctor Miguel", ,"Pianist, leader, arranger and composer",(14 September 1918 - 21 November 2018),Place of birth: San Miguel de Tucumán (Tucumán) Argentina, 
Victor D'Amario,"D'Amario, Salvador Víctor", ,"Bandoneonist, bandleader and composer",(5 May 1909 - 20 August 2007),Place of birth: La Plata (Buenos Aires) Argentina,https://www.todotango.com/english/artists/biography/1110/Victor-DAmario/
Abel Cordoba,"González, Abelardo", ,Singer and composer,(19 July 1941 - ),Place of birth: Buenos Aires Argentina,https://www.todotango.com/english/artists/biography/890/Abel-Cordoba/
Abel Cordoba ,"González, Abelardo", ,Singer and composer,(19 July 1941 - ),Place of birth: Buenos Aires Argentina,https://www.todotango.com/english/artists/biography/890/Abel-Cordoba/
Ada Falcon,"Falcone, Aida Ada Elsa", ,Singer,(17 August 1905 - 4 January 2002),Place of birth: Buenos Aires Argentina,https://www.todotango.com/english/artists/biography/148/Ada-Falcon/
Adolfo Rivas,"Alonso, Adolfo Hugo", ,Singer,(20 October 1926 - 26 July 2011),Place of birth: Pehuajó (Buenos Aires) Argentina, 
Adrian Guida,"Guida, Adrián Nicolás", ,Singer,(26 March 1965 - 12 December 1994),Place of birth: Buenos Aires Argentina,https://www.todotango.com/english/artists/biography/1405/Adrian-Guida/
Agustin Irusta,"Irusta, Agustín Cipriano", ,"Singer, actor, composer and lyricist",(28 August 1903 - 25 April 1987),Place of birth: Rosario (Santa Fe) Argentina,https://www.todotango.com/english/artists/biography/154/Agustin-Irusta/
Agustin Magaldi,"Magaldi, Agustín",Nicknames: La voz sentimental de Buenos Aires,Singer and composer,(1 December 1898 - 8 September 1938),Place of birth: Casilda (Santa Fe) Argentina,https://www.todotango.com/english/artists/biography/158/Agustin-Magaldi/
Agustin Volpe,, ,Singer,(n/d - n/d),Place of birth: , 
Alberto,"Crudeli, Oscar Aníbal","Nicknames: Carlos Millán, Alberto Randal, Cacho","Singer, violinist, bandoneon player and composer",(11 November 1930 - 27 June 1996),Place of birth: Ingeniero White (Buenos Aires) Argentina,https://www.todotango.com/english/artists/biography/1064/Roberto-Achaval/
Alberto Aguirre,"Aguirre Obredor, Félix Alberto",Nicknames: Cholo,"Singer, guitarist, lyricist and composer",(19 February 1930 - ),Place of birth: San Lorenzo (Santa Fe) Argentina,https://www.todotango.com/english/artists/biography/1390/Alberto-Aguirre/
Alberto Amor,"D’Amore, Vinicio Guillermo", ,Singer and lyricist,(25 January 1917 - 1999),Place of birth: Buenos Aires Argentina,https://www.todotango.com/english/artists/biography/1453/Alberto-Amor/
Alberto Arenas,"Guida, Tomás", ,Singer,(25 September 1910 - 12 January 1988),Place of birth: Buenos Aires Argentina,https://www.todotango.com/english/artists/biography/905/Alberto-Arenas/
Alberto Castillo,"De Lucca, Alberto Salvador",Nicknames: Riobal,"Singer, actor, composer and lyricist",(7 December 1914 - 23 July 2002),Place of birth: Buenos Aires Argentina,https://www.todotango.com/english/artists/biography/143/Alberto-Castillo/
Alberto Cuello,"Cuello, Juan Alberto", ,Singer,(21 January 1938 - 1 September 1981),Place of birth: Carmen de Areco (Buenos Aires) Argentina,https://www.todotango.com/english/artists/biography/1525/Alberto-Cuello/
Alberto Del Campo,"Villarruel, Agustín Ramón", ,Singer,(9 July 1924 - n/d),Place of birth: Rosario (Santa Fe) Argentina, 
Alberto Echague,"Rodríguez Bonfanti, Juan de Dios Osvaldo", ,Singer and author,(8 March 1909 - 22 February 1987),Place of birth: Rosario (Santa Fe) Argentina,https://www.todotango.com/english/artists/biography/147/Alberto-Echague/
Alberto Fuentes,, ,Singer,(n/d - ),Place of birth: , 
Alberto Gomez,"Aducci, Egidio Alberto","Nicknames: Nico, El cabezón, El pingo de Lomas","Singer, lyricist and composer",(19 June 1904 - 1 May 1973),Place of birth: Lomas de Zamora (Buenos Aires) Argentina,https://www.todotango.com/english/artists/biography/150/Alberto-Gomez/
Alberto Guzman,"Russo, Alberto",Nicknames: Alberto Garra,Singer,(n/d - n/d),Place of birth: , 
Alberto Lago,"Lago, Rodolfo Alfredo", ,"Singer, lyricist and composer",(2 November 1919 - 8 September 1999),Place of birth: Chivilcoy (Buenos Aires) Argentina,https://www.todotango.com/english/artists/biography/1118/Alberto-Lago/
Alberto Lerena,"Lerena, Alberto", ,Singer,(n/d - n/d),Place of birth: , 
Alberto Marino,"Marinaro, Vicente",Nicknames: La voz de oro del tango / Lino Marcos,Singer and composer,(26 April 1923 - 21 June 1989),Place of birth: Verona (Verona) Italy,https://www.todotango.com/english/artists/biography/113/Alberto-Marino/
Alberto Moran,"Recagno, Remo Andrea Domenico", ,Singer,(15 March 1922 - 16 August 1997),Place of birth: Strevi (Piamonte) Italy,https://www.todotango.com/english/artists/biography/160/Alberto-Moran/
Alberto Morel,, ,Singer,(n/d - ),Place of birth: , 
Alberto Ortiz,"Arroyo, Lorenzo", ,Singer,(n/d - ),Place of birth: , 
Alberto Paz,"Paz, Alberto", ,Dancer,(n/d - 3 February 2014),Place of birth: Buenos Aires Argentina,https://www.todotango.com/english/artists/biography/1830/Alberto-Paz/
Alberto Podesta,"Alé, Alejandro Washington", ,Singer and composer,(22 September 1924 - 9 December 2015),Place of birth: San Juan Argentina, 
Alberto Reynal,"Gagliostro, Enzo",Nicknames: Príncipe Rojo,Singer,(2 September 1908 - 27 February 1947),Place of birth: Buenos Aires Argentina, 
Alberto Rivera,"Rivera, Alberto", ,Singer,(10 May 1918 - n/d),Place of birth: Zamora (Zamora) Spain,https://www.todotango.com/english/artists/biography/1368/Alberto-Rivera/
Alberto Sanchez,, ,Singer,(n/d - n/d),Place of birth: Saliqueló (La Pampa) Argentina, 
Alberto Serna,"González de la Serna, Alberto", ,Singer and guitarist,(14 January 1900 - 17 October 1983),Place of birth: General Lavalle (Buenos Aires) Argentina,https://www.todotango.com/english/artists/biography/1553/Alberto-Serna/
Alberto Tagle,"Martínez, José Nicolás", ,Singer,(n/d - 4 October 1963),Place of birth: ,https://www.todotango.com/english/artists/biography/1511/Alberto-Tagle/
Aldo Calderon,"Calderón, Aldo Ives", ,Singer and guitarist,(16 May 1924 - 6 December 1983),Place of birth: Rosario (Santa Fe) Argentina,https://www.todotango.com/english/artists/biography/1010/Aldo-Calderon/
Aldo Campoamor,"Chiavegato, Aldo Vitorio", ,"Singer, lyricist and composer",(21 March 1914 - 27 October 1968),Place of birth: Buenos Aires Argentina,https://www.todotango.com/english/artists/biography/19/Aldo-Campoamor/
Alejandro Fernandez,"Cisca, Rafael Vicente",Nicknames: Alejandro Fernández,Singer,(24 November 1907 - 1978),Place of birth: Buenos Aires Argentina, 
Alfredo Belusi,"Beluschi, Alfredo", ,Singer,(10 January 1925 - 1 January 2001),Place of birth: Quirquinchos (Santa Fe) Argentina,https://www.todotango.com/english/artists/biography/870/Alfredo-Belusi/
Alfredo Dalton,"Dalton, Alfredo Ernesto",Nicknames: Ernesto Paredes (letrista),Singer and lyricist,(18 November 1929 - 5 May 1998),Place of birth: Buenos Aires Argentina,https://www.todotango.com/english/artists/biography/733/Alfredo-Dalton/
Alfredo Del Rio,"Pérez, Alfredo Jesús", ,Singer,(5 November 1932 - 21 September 1978),Place of birth: Buenos Aires Argentina,https://www.todotango.com/english/artists/biography/857/Alfredo-Del-Rio/
Alfredo Piro,"Piro, Alfredo Aníbal Rafael", ,Singer,(3 March 1973 - ),Place of birth: Mar del Plata (Buenos Aires) Argentina,https://www.todotango.com/english/artists/biography/1033/Alfredo-Piro/
Alfredo Rojas,, ,Singer,(n/d - ),Place of birth: , 
Amadeo Mandarino,"Mannarino, Amadeo Guillermo", ,Singer,(22 May 1913 - 12 June 1996),Place of birth: Buenos Aires Argentina,https://www.todotango.com/english/artists/biography/107/Amadeo-Mandarino/
Amanda Ledesma,"Rubianes Alzuri, Josefina", ,Singer,(31 December 1911 - 18 February 2000),Place of birth: Buenos Aires Argentina,https://www.todotango.com/english/artists/biography/714/Amanda-Ledesma/
Andres Falgas,"Falgás, Andrés Salvio Miguel",Nicknames: Miguel De Salvio,"Singer, composer and lyricist",(15 January 1916 - 15 May 1995),Place of birth: Buenos Aires Argentina,https://www.todotango.com/english/artists/biography/126/Andres-Falgas/
Andres Galarce,"Galarce, Andrés", ,Singer,(n/d - ),Place of birth: , 
Andres Peiro,"Pérez, Andrés", ,Singer,(1 December 1930 - ),Place of birth: Ciudadela (Buenos Aires) Argentina,https://www.todotango.com/english/artists/biography/1674/Andres-Peiro/
Angel Cardenas,"Bartoli, Ángel", ,"Singer, actor and composer",(18 July 1927 - 4 December 2005),Place of birth: Chacabuco (Buenos Aires) Argentina,https://www.todotango.com/english/artists/biography/987/angel-Cardenas/
Angel Diaz,"Díaz, José Lisandro",Nicknames: El Paya,Singer and composer,(25 April 1928 - 11 December 1998),Place of birth: Buenos Aires Argentina,https://www.todotango.com/english/artists/biography/758/angel-Diaz/
Angel Varela,"Vita, Ángel Antonio", ,Singer and lyricist,(9 July 1924 - n/d),Place of birth: , 
Angel Vargas,"Lomio, José Ángel",Nicknames: El ruiseñor de las calles porteñas,"Singer, lyricist and composer",(22 October 1904 - 7 July 1959),Place of birth: Buenos Aires Argentina,https://www.todotango.com/english/artists/biography/166/angel-Vargas/
Antonio Buglione,"Buglione, Antonio",Nicknames: Antonio Reyes,"Violinist, composer and singer",(18 May 1899 - 2 March 1978),Place of birth: Buenos Aires Argentina,https://www.todotango.com/english/artists/biography/341/Antonio-Buglione/
Antonio Maida,"Maida, Antonio", ,Singer,(15 July 1913 - 23 August 1984),Place of birth: Buenos Aires Argentina,https://www.todotango.com/english/artists/biography/961/Antonio-Maida/
Argentino Ledesma,"Ledesma, Corazón Argentino", ,Singer and lyricist,(24 June 1929 - 6 August 2004),Place of birth: Santiago del Estero Argentina,https://www.todotango.com/english/artists/biography/705/Argentino-Ledesma/
Argentino Oliver,, ,Singer,(n/d - n/d),Place of birth: , 
Armando Garrido,"Garrido, Armando", ,Singer,(11 September 1926 - 9 August 2006),Place of birth: Rosario (Santa Fe) Argentina,https://www.todotango.com/english/artists/biography/1411/Armando-Garrido/
Armando Guerrico,"Ambrústolo, Armando", ,Singer,(2 June 1919 - 28 March 2011),Place of birth: Buenos Aires Argentina,https://www.todotango.com/english/artists/biography/1498/Armando-Guerrico/
Armando Laborde,"Dattoli, José Atilio", ,"Singer, lyricist and composer",(27 April 1922 - 12 December 1996),Place of birth: Buenos Aires Argentina,https://www.todotango.com/english/artists/biography/152/Armando-Laborde/
Armando Moreno,"Bassi, Armando",Nicknames: El Niño y Muñeco,Singer,(29 May 1921 - 8 October 1990),Place of birth:  Argentina,https://www.todotango.com/english/artists/biography/117/Armando-Moreno/
Blanca Bassi,, ,Singer,(n/d - ),Place of birth: , 
Blanca Mooney,"Nester Mooney, Blanca", ,Singer,(18 January 1940 - 9 May 1991),Place of birth: Buenos Aires Argentina,https://www.todotango.com/english/artists/biography/764/Blanca-Mooney/
Carlos Acuna,"Di Loreto, Carlos Ernesto", ,Singer and composer,(4 November 1915 - 19 February 1999),Place of birth: Buenos Aires Argentina,https://www.todotango.com/english/artists/biography/869/Carlos-Acuna/
Carlos Aguirre,"Goldfinger, José Roberto", ,Singer,(19 May 1938 - 1 May 2018),Place of birth: Buenos Aires Argentina,https://www.todotango.com/english/artists/biography/1202/Carlos-Aguirre/
Carlos Almada,"Almada, Carlos", ,Singer,(26 March 1918 - 9 July 1982),Place of birth: Buenos Aires Argentina,https://www.todotango.com/english/artists/biography/973/Carlos-Almada/
Carlos Almagro,"Cámera, Santiago", ,Singer,(29 June 1929 - n/d),Place of birth: Buenos Aires Argentina,https://www.todotango.com/english/artists/biography/1448/Carlos-Almagro/
Carlos Barbe,, ,Singer,(n/d - ),Place of birth: , 
Carlos Barrios,"García, Juan Carlos", ,Singer,(11 October 1924 - n/d),Place of birth: Ramallo (Buenos Aires) Argentina,https://www.todotango.com/english/artists/biography/1209/Carlos-Barrios/
Carlos Bermudez,"Bermúdez, Alberto",Nicknames: Alberto Bermúdez,Singer,(7 June 1918 - 23 July 1993),Place of birth: Caseros (Buenos Aires) Argentina, 
Carlos Bernal,, ,Singer,(n/d - ),Place of birth: , 
Carlos Boledi,"Boledi, Carlos Ramón", ,Singer,(20 June 1950 - ),Place of birth: Rosario (Santa Fe) Argentina, 
Carlos Casares,, ,Singer,(n/d - n/d),Place of birth: , 
Carlos Dante,"Testori, Carlos Dante", ,Singer and composer,(12 March 1906 - 28 April 1985),Place of birth: Buenos Aires Argentina,https://www.todotango.com/english/artists/biography/176/Carlos-Dante/
Carlos Galan,, ,Singer,(n/d - n/d),Place of birth: , 
Carlos Galan ,, ,Singer,(n/d - n/d),Place of birth: , 
Carlos Galarce,, ,Singer,(n/d - ),Place of birth: , 
Carlos Gardel,, , , , , 
Carlos Heredia,"Balverdi, Antonio", ,Singer,(10 May 1920 - n/d),Place of birth: Santiago Temple (Córdoba) Argentina,https://www.todotango.com/english/artists/biography/1226/Carlos-Heredia/
Carlos Lafuente,"Fredes, Hugo Washington", ,"Singer, composer and lyricist",(28 February 1908 - 27 July 1989),Place of birth: Buenos Aires Argentina,https://www.todotango.com/english/artists/biography/985/Carlos-Lafuente/
Carlos Mayel,"Anastasio, José Luis", ,Singer and composer,(19 November 1913 - 2 January 1984),Place of birth: Buenos Aires Argentina,https://www.todotango.com/english/artists/biography/1493/Carlos-Mayel/
Carlos Montalvo,"Yáñez, Luis", ,Singer,(9 June 1928 - ),Place of birth: Buenos Aires Argentina, 
Carlos Morel,"González, Carlos Daniel", ,Singer,(7 January 1958 - ),Place of birth: Avellaneda (Buenos Aires) Argentina,https://www.todotango.com/english/artists/biography/692/Carlos-Morel/
Carlos Olmedo,"Velázquez Childe, Delmar", ,Singer and composer,(26 October 1921 - 12 March 1976),Place of birth: Tranqueras (Rivera) Uruguay,https://www.todotango.com/english/artists/biography/996/Carlos-Olmedo/
Carlos Ortega,"Font, Manuel Martín", ,Lyricist and singer,(n/d - n/d),Place of birth: , 
Carlos Roldan,"Porcal, Carlos Belarmino", ,Singer,(31 December 1913 - 16 June 1973),Place of birth: Montevideo Uruguay,https://www.todotango.com/english/artists/biography/164/Carlos-Roldan/
Carlos Rossi,"Rossi, Carlos Alberto", ,Singer and lyricist,(1 March 1943 - ),Place of birth: Buenos Aires Argentina,https://www.todotango.com/english/artists/biography/1019/Carlos-Rossi/
Carlos Saavedra,"Gardella, Carlos Mateo", ,Singer,(2 October 1920 - 12 November 1972),Place of birth: Bragado (Buenos Aires) Argentina,https://www.todotango.com/english/artists/biography/1458/Carlos-Saavedra/
Carlos Solari,"García, Carlos", ,Singer,(20 October 1932 - ),Place of birth: Tacuarembó Uruguay,https://www.todotango.com/english/artists/biography/1603/Carlos-Solari/
Carlos Varela,"Varela, Carlos Alberto", ,Singer,(16 July 1909 - 21 December 1996),Place of birth: Buenos Aires Argentina,https://www.todotango.com/english/artists/biography/1048/Carlos-Varela/
Carlos Vidal,"Vidal, Luis", ,Singer,(3 August 1926 - 18 January 1981),Place of birth: Avellaneda (Buenos Aires) Argentina,https://www.todotango.com/english/artists/biography/833/Carlos-Vidal/
Carlos Vidal ,"Vidal, Luis", ,Singer,(3 August 1926 - 18 January 1981),Place of birth: Avellaneda (Buenos Aires) Argentina,https://www.todotango.com/english/artists/biography/833/Carlos-Vidal/
Carlos Vivan,"Rice Treacy, Miguel", ,"Singer, actor, lyricist and composer",(15 April 1903 - 16 July 1971),Place of birth: Buenos Aires Argentina,https://www.todotango.com/english/artists/biography/614/Carlos-Vivan/
Carlos Yanel,"Santamaría, Roberto",Nicknames: Siro San Román,Singer,(20 August 1931 - ),Place of birth: Rosario (Santa Fe) Argentina,https://www.todotango.com/english/artists/biography/1188/Carlos-Yanel/
Carmen Duval,"Simone, Carmen Leonor", ,Singer,(3 October 1918 - 21 March 2012),Place of birth: (Entre Ríos) Argentina,https://www.todotango.com/english/artists/biography/146/Carmen-Duval/
Charlo,"Pérez, Carlos José","Nicknames: Charlo, Carlos Pérez de la Riestra","Singer, musician, pianist, actor and composer.",(7 July 1906 - 30 October 1990),Place of birth: Guatraché (La Pampa) Argentina,https://www.todotango.com/english/artists/biography/70/Charlo/
Chola Luna,"Luna, Alcira Carmen", ,Singer and actress,(12 February 1919 - 2 April 2015),Place of birth: Buenos Aires Argentina,https://www.todotango.com/english/artists/biography/1093/Chola-Luna/
Cristina De Los Angeles,"Alonso, María de los Ángeles", ,Singer,(15 November - ),Place of birth: ,https://www.todotango.com/english/artists/biography/1589/Cristina-De-Los-angeles/
Domingo Conte,"Conte, Domingo", ,Singer and actor,(10 January 1908 - 12 December 1998),Place of birth: Buenos Aires Argentina,https://www.todotango.com/english/artists/biography/1477/Domingo-Conte/
Domingo Conte ,"Conte, Domingo", ,Singer and actor,(10 January 1908 - 12 December 1998),Place of birth: Buenos Aires Argentina,https://www.todotango.com/english/artists/biography/1477/Domingo-Conte/
Dorita Davis,"Gallardo de Regard, Emma",Nicknames: La Calandria Criolla,Singer,(6 September 1906 - 13 January 1980),Place of birth: Buenos Aires Argentina,https://www.todotango.com/english/artists/biography/860/Dorita-Davis/
Edmundo Rivero,"Rivero, Leonel Edmundo",Nicknames: El Feo,"Singer, guitar player, lyricist and composer)",(8 June 1911 - 18 January 1986),Place of birth: Valentín Alsina (Buenos Aires) Argentina,https://www.todotango.com/english/artists/biography/634/Edmundo-Rivero/
Eduardo Adrian,"Eyherabide, Carlos Alberto", ,"Singer, lyricist, composer, journalist, theater director and lecturer",(4 February 1923 - 23 May 1990),Place of birth: Mar del Plata (Buenos Aires) Argentina,https://www.todotango.com/english/artists/biography/913/Eduardo-Adrian/
Eduardo Borda,, ,Singer,(n/d - ),Place of birth: , 
Eduardo Espinoza,"Espinoza, Francisco", ,Singer,(10 July 1958 - ),Place of birth: Punta Alta (Buenos Aires) Argentina,https://www.todotango.com/english/artists/biography/878/Eduardo-Espinoza/
Elba Beron,"Berón, Elba", ,Singer,(31 December 1930 - 5 March 1994),Place of birth: Zárate (Buenos Aires) Argentina,https://www.todotango.com/english/artists/biography/894/Elba-Beron/
Elsa Moran,"Castillo, María Cáceres",Nicknames: Rubí Castillo,Singer,(31 August 1931 - 15 April 2019),Place of birth: José Pedro Varela (Lavalleja) Uruguay,https://www.todotango.com/english/artists/biography/1758/Elsa-Moran/
Elsa Rivas,"Rivas, Elsa Concepción", ,Singer,(4 October 1925 - 30 April 2010),Place of birth: Avellaneda (Buenos Aires) Argentina,https://www.todotango.com/english/artists/biography/766/Elsa-Rivas/
Emilia Garcia,"García, Emilia", ,Singer,(n/d - ),Place of birth: , 
Enrique Campos,"Troncone, Enrique Inocencio", ,Singer,(10 March 1913 - 13 March 1970),Place of birth: Montevideo Uruguay,https://www.todotango.com/english/artists/biography/114/Enrique-Campos/
Enrique Carbel,"Barbell, Efraín Enrique Ramón Francisco Pedro Javier",Nicknames: Enrique Carbel / Pacho,Singer and composer,(3 December 1917 - 29 November 1945),Place of birth: Chamical (La Rioja) Argentina,https://www.todotango.com/english/artists/biography/940/Enrique-Carbel/
Enrique Dumas,"Rodríguez, Enrique", ,Singer,(8 May 1935 - 18 January 2009),Place of birth: La Plata (Buenos Aires) Argentina,https://www.todotango.com/english/artists/biography/1072/Enrique-Dumas/
Enrique Lucero,"Martínez, Enrique", ,Singer,(n/d - ),Place of birth: Buenos Aires Argentina, 
Enzo Valentino,"Cavenenghi, Enzo Ángel María", ,Singer and composer,(24 September 1919 - 3 April 2015),Place of birth: Correa (Santa Fe) Argentina, 
Ernesto Fama,"Famá, Ernesto", ,Singer and composer,(18 August 1908 - 19 July 1984),Place of birth: Buenos Aires Argentina,https://www.todotango.com/english/artists/biography/657/Ernesto-Fama/
Ernesto Herrera,"Rey, Rodolfo", ,Singer,(6 September 1930 - 5 October 2018),Place of birth: Buenos Aires Argentina,https://www.todotango.com/english/artists/biography/1286/Ernesto-Herrera/
Ernesto Rondo,"Mazzei, Rafael",Nicknames: Ernesto Rondo,Composer,(15 May 1911 - 25 February 1984),Place of birth: Buenos Aires Argentina, 
Fabian Rodriguez,"Rodríguez, Fabián", ,Singer,(n/d - ),Place of birth: , 
Felix Gutierrez,"Gutiérrez, Félix", ,Singer,(19 May 1909 - 6 October 1992),Place of birth: Mar del Plata (Buenos Aires) Argentina,https://www.todotango.com/english/artists/biography/1046/Felix-Gutierrez/
Fernando Diaz,"Díaz, Fernando Alfredo", ,Singer,(14 December 1903 - 11 January 1981),Place of birth: Buenos Aires Argentina,https://www.todotango.com/english/artists/biography/835/Fernando-Diaz/
Fernando Soler,"Taccari, Carlos Alberto", ,Singer,(21 April 1957 - ),Place of birth: Pigüé (Buenos Aires) Argentina, 
Floreal Ruiz,"Ruiz, Floreal",Nicknames: El Tata,Singer,(29 March 1916 - 17 April 1978),Place of birth: Buenos Aires Argentina,https://www.todotango.com/english/artists/biography/156/Floreal-Ruiz/
Fontan Luna,"Rodríguez, Alberto", ,Singer and pianist,(20 December 1921 - 1997),Place of birth: General Sarmiento (Buenos Aires) Argentina,https://www.todotango.com/english/artists/biography/1429/Fontan-Luna/
Fontan Reyes,"Nocito, Atir Omar", ,Singer,(10 October 1925 - n/d),Place of birth: ,https://www.todotango.com/english/artists/biography/1594/Fontan-Reyes/
Francisco Amor,"Iglesias Amor, Francisco", ,"Singer, composer and actor",(7 January 1906 - 5 June 1976),Place of birth: Bahía Blanca (Buenos Aires) Argentina,https://www.todotango.com/english/artists/biography/917/Francisco-Amor/
Francisco Fiorentino,"Fiorentino, Francisco", ,"Singer, bandoneon player and composer",(23 September 1905 - 11 September 1955),Place of birth: Buenos Aires Argentina,https://www.todotango.com/english/artists/biography/149/Francisco-Fiorentino/
Genaro Veiga,"Veiga, Genaro",Nicknames: El Cholo,Singer,(n/d - n/d),Place of birth: ,https://www.todotango.com/english/artists/biography/1350/Genaro-Veiga/
Gigi De Angelis,"De Angelis, Isabel", ,"Pianist, singer and dancer",(16 March 1945 - 24 October 2017),Place of birth: Banfield (Buenos Aires) Argentina, 
Gloria Diaz,"Díaz Moreira, Marina Juliana", ,Singer,(17 May 1938 - 24 June 2021),Place of birth: Buenos Aires Argentina,https://www.todotango.com/english/artists/biography/1117/Gloria-Diaz/
Guillermo Coral,"Rico, Guillermo",Nicknames: Guillermo Coral,Singer and actor,(10 February 1920 - 18 May 2013),Place of birth: Lanús (Buenos Aires) Argentina,https://www.todotango.com/english/artists/biography/872/Guillermo-Rico/
Guillermo Galve,"Piker, Marcos Guillermo", ,Singer,(7 February 1946 - ),Place of birth: Buenos Aires Argentina,https://www.todotango.com/english/artists/biography/963/Guillermo-Galve/
Guillermo Rico,"Rico, Guillermo",Nicknames: Guillermo Coral,Singer and actor,(10 February 1920 - 18 May 2013),Place of birth: Lanús (Buenos Aires) Argentina,https://www.todotango.com/english/artists/biography/872/Guillermo-Rico/
Gustavo Nocetti,"Nocetti, Gustavo", ,Singer,(6 November 1959 - 30 December 2002),Place of birth: Montevideo Uruguay,https://www.todotango.com/english/artists/biography/792/Gustavo-Nocetti/
Hector Alvarado,"Cisterna, Nicolás Rafael", ,Singer and composer,(24 March 1925 - 3 May 2015),Place of birth: Córdoba Argentina,https://www.todotango.com/english/artists/biography/1707/Hector-Alvarado/
Hector Coral,"Graziano, Natalio Salvador", ,Singer,(n/d - 27 February 1980),Place of birth: , 
Hector Dario,"Petraglia, José", ,Singer,(8 December 1938 - 30 March 2013),Place of birth: Catania (Catania) Italy,https://www.todotango.com/english/artists/biography/665/Hector-Dario/
Hector De Rosas,"González Padilla, Héctor Ángel", ,Singer y teacher,(2 October 1931 - 26 July 2015),Place of birth: Buenos Aires Argentina,https://www.todotango.com/english/artists/biography/724/Hector-De-Rosas/
Hector Farrel,"Cardinale, Héctor Domingo",Nicknames: Héctor Farrel/Héctor Morel,Singer,(4 August 1908 - n/d),Place of birth: Buenos Aires Argentina,https://www.todotango.com/english/artists/biography/1007/Hector-Farrel/
Hector Insua,"Arrambide, Julián Héctor", ,Singer,(23 February 1923 - 22 October 1972),Place of birth: Zárate (Buenos Aires) Argentina,https://www.todotango.com/english/artists/biography/1451/Hector-Insua/
Hector Juncal,"Tizón, Héctor", ,Singer,(30 October 1919 - n/d),Place of birth: Avellaneda (Buenos Aires) Argentina, 
Hector Maciel,, ,Singer,(n/d - ),Place of birth: , 
Hector Maure,"Falivene, Vicente José", ,Singer and composer,(13 March 1920 - 12 May 1976),Place of birth: Buenos Aires Argentina,https://www.todotango.com/english/artists/biography/662/Hector-Maure/
Hector Montes,"Montes, Héctor", ,Singer,(5 March 1929 - 3 May 1988),Place of birth: Buenos Aires Argentina,https://www.todotango.com/english/artists/biography/1479/Hector-Montes/
Hector Omar,"Civilotti, Héctor Omar", ,Singer and composer,(6 June 1928 - 15 March 2017),Place of birth: La Plata (Buenos Aires) Argentina,https://www.todotango.com/english/artists/biography/1260/Hector-Omar/
Hector Pacheco,"Ingaramo, Antonio Lino", ,Singer and composer,(15 March 1918 - 28 July 2003),Place of birth: Marcos Juárez (Córdoba) Argentina, 
Hector Palacios,"Eguía Palacios, Héctor Eloy", ,"Singer, lyricist and composer",(20 March 1909 - 8 April 1987),Place of birth: Rosario (Santa Fe) Argentina,https://www.todotango.com/english/artists/biography/896/Hector-Palacios/
Hector Petray,"Olaguibe, Héctor Osvaldo", ,Singer,(6 January 1926 - n/d),Place of birth: Buenos Aires Argentina,https://www.todotango.com/english/artists/biography/1407/Hector-Petray/
Hernan Fernandez,, ,,(n/d - ),Place of birth: , 
Hernan Genovese,"Genovese, Hernán", ,Singer,(26 November 1971 - ),Place of birth: ,https://www.todotango.com/english/artists/biography/1109/Hernan-Genovese/
Hernan Lucero,"Lucero, Hernán", ,Singer and composer,(n/d - ),Place of birth: (Buenos Aires) Argentina, 
Hernan Salinas,"Aguirre, Jorge Hernán", ,Singer,(30 November 1956 - 21 November 2003),Place of birth: Quitilipi (Chaco) Argentina,https://www.todotango.com/english/artists/biography/944/Hernan-Salinas/
Horacio Casares,"Mobilio, Ignacio Andrés", ,Singer,(26 September 1932 - 25 August 2009),Place of birth: Buenos Aires Argentina,https://www.todotango.com/english/artists/biography/768/Horacio-Casares/
Horacio Deval,"Tudisco, Adolfo",Nicknames: Horacio Devriew,Singer,(4 July 1923 - 18 January 2004),Place of birth: Buenos Aires Argentina,https://www.todotango.com/english/artists/biography/787/Horacio-Deval/
Horacio Lagos,, ,Singer,(n/d - ),Place of birth: , 
Horacio Palma,"Di Palma, Enrique", ,Singer,(29 April 1931 - n/d),Place of birth: Buenos Aires Argentina, 
Horacio Quintana,"Gutiérrez, Ramón Domingo",Nicknames: Tito,Singer and composer,(30 May 1920 - 15 November 2007),Place of birth: Teodelina (Santa Fe) Argentina,https://www.todotango.com/english/artists/biography/982/Horacio-Quintana/
Horacio Roca,"Pometti, Alfredo Héctor", ,Singer,(1929 - 13 January 1969),Place of birth: Buenos Aires Argentina,https://www.todotango.com/english/artists/biography/1699/Horacio-Roca/
Horacio Susena,"Susena, Horacio", ,Composer,(19 October 1900 - 8 April 1987),Place of birth:  Uruguay, 
Hugo Del Carril,"Fontana, Piero Bruno Hugo",Nicknames: Hugo del Carril,"Singer, composer, actor and cinema director.",(30 November 1912 - 13 August 1989),Place of birth: Buenos Aires Argentina,https://www.todotango.com/english/artists/biography/145/Hugo-Del-Carril/
Hugo Duval,"Giurbino, Luciano Hugo", ,Singer,(13 December 1928 - 22 August 2003),Place of birth: Buenos Aires Argentina,https://www.todotango.com/english/artists/biography/966/Hugo-Duval/
Hugo Gutierrez,"Gutiérrez, Hugo", ,"Violinist, singer and composer",(2 December 1904 - 21 June 1976),Place of birth: Buenos Aires Argentina,https://www.todotango.com/english/artists/biography/1323/Hugo-Gutierrez/
Hugo Marcel,"Cárpena, Gregorio Horacio", ,Singer,(24 January 1942 - ),Place of birth: Buenos Aires Argentina,https://www.todotango.com/english/artists/biography/922/Hugo-Marcel/
Hugo San Luis,, ,Singer,(n/d - ),Place of birth: , 
Hugo Soler,"Cebral, Santiago", ,Singer,(14 April 1921 - n/d),Place of birth: La Coruña (A Coruña) Spain,https://www.todotango.com/english/artists/biography/1039/Hugo-Soler/
Ines Arce,"Álvarez, Inés",Nicknames: La Calandria,Singer,(6 February 1927 - ),Place of birth:  Argentina,https://www.todotango.com/english/artists/biography/1582/Ines-Arce/
Isabel De Grana,, ,Singer,(8 August 1930 - 6 April 1997),Place of birth: Buenos Aires Argentina,https://www.todotango.com/english/artists/biography/830/Isabel-De-Grana/
Jesus Hidalgo,"Hidalgo, Jesús", ,Singer,(29 January 1982 - ),Place of birth: Bragado (Buenos Aires) Argentina,https://www.todotango.com/english/artists/biography/1503/Jesus-Hidalgo/
Jorge Casal,"Pappalardo, Salvador Carmelo", ,Singer,(14 January 1924 - 25 June 1996),Place of birth: Buenos Aires Argentina,https://www.todotango.com/english/artists/biography/142/Jorge-Casal/
Jorge Duran,"Durán, Alfonso Jesús",Nicknames: Cajón,Singer,(19 January 1924 - 20 August 1989),Place of birth: San Juan Argentina,https://www.todotango.com/english/artists/biography/637/Jorge-Duran/
Jorge Falcon,"Iglesias, Luis", ,Singer and composer,(15 October 1949 - 2 July 1987),Place of birth: Buenos Aires Argentina,https://www.todotango.com/english/artists/biography/728/Jorge-Falcon/
Jorge Garre,"Rodríguez, Antonio", ,Singer,(31 March 1921 - 11 January 1979),Place of birth: Buenos Aires Argentina,https://www.todotango.com/english/artists/biography/1357/Jorge-Garre/
Jorge Guillermo,"Colella, Guillermo José", ,Singer,(17 September 1959 - ),Place of birth:  Argentina, 
Jorge Ledesma,"Deluchi, Justo José", ,Singer,(3 February 1924 - ),Place of birth: Piñeyro (Buenos Aires) Argentina,https://www.todotango.com/english/artists/biography/1237/Jorge-Ledesma/
Jorge Linares,, ,Singer,(n/d - ),Place of birth: , 
Jorge Maciel,"Pellegrini, Carlos", ,Singer,(17 September 1920 - 25 February 1975),Place of birth: Buenos Aires Argentina,https://www.todotango.com/english/artists/biography/784/Jorge-Maciel/
Jorge Omar,"Ormaechea, Juan Manuel", ,Singer,(10 March 1911 - 24 February 1998),Place of birth: Buenos Aires Argentina,https://www.todotango.com/english/artists/biography/695/Jorge-Omar/
Jorge Ortiz,"Alessio, Juan Edelmiro", ,Singer,(18 September 1912 - 18 February 1989),Place of birth: Buenos Aires Argentina,https://www.todotango.com/english/artists/biography/846/Jorge-Ortiz/
Jorge Rubino,"Rubino, Jorge", ,Singer,(n/d - 3 April 1959),Place of birth: , 
Jorge Sobral,"Sobredo, Edelmiro", ,Singer,(25 August 1931 - 10 April 2005),Place of birth: La Plata (Buenos Aires) Argentina,https://www.todotango.com/english/artists/biography/854/Jorge-Sobral/
Jorge Torres,"Torres, Jorge Mario Nazareno", ,Letrista,(n/d - ),Place of birth: , 
Jorge Valdez,"Vitale, Leo Mario", ,Singer and composer,(27 January 1932 - 21 February 2002),Place of birth: Buenos Aires Argentina,https://www.todotango.com/english/artists/biography/853/Jorge-Valdez/
Jorge Vidal,"Vidal, Orlando",Nicknames: Negro,Singer and composer,(12 August 1924 - 14 September 2010),Place of birth: Buenos Aires Argentina, 
Jose Angel Trelles,"Amato, José Ángel", ,Singer,(28 August 1943 - ),Place of birth: Buenos Aires Argentina,https://www.todotango.com/english/artists/biography/1168/Jose-angel-Trelles/
Jose Beron,"Berón, José", ,Singer and guitarist,(22 November 1918 - 26 April 1976),Place of birth: Zárate (Buenos Aires) Argentina,https://www.todotango.com/english/artists/biography/1318/Jose-Beron/
Jose Bohr,"Böhr Elzer, Yopes", ,"Singer, composer, lyricist, actor and leader",(3 September 1901 - 29 May 1994),Place of birth: Bonn (Renania del Norte-Westfalia) Germany,https://www.todotango.com/english/artists/biography/329/Jose-Bohr/
Jose Torres,"Toto, José", ,Singer,(19 March 1923 - n/d),Place of birth: Buenos Aires Argentina, 
Juan Carlos Casas,"Casas, Basilio Constantino", ,Singer,(23 March 1914 - 21 August 1986),Place of birth: Tandil (Buenos Aires) Argentina,https://www.todotango.com/english/artists/biography/1657/Juan-Carlos-Casas/
Juan Carlos Cobos,"Pires, Lorenzo Joaquín", ,"Singer, lyricist and composer",(5 June 1928 - 10 November 1999),Place of birth: Punta Alta (Buenos Aires) Argentina,https://www.todotango.com/english/artists/biography/1164/Juan-Carlos-Cobos/
Juan Carlos Fabri,, ,Singer,(n/d - ),Place of birth: , 
Juan Carlos Godoy,"Llanes, Aníbal", ,Singer,(21 August 1922 - 12 February 2016),Place of birth: Campana (Buenos Aires) Argentina, 
Juan Carlos Jordan,"Plácido, Gerardo José", ,Singer,(16 February 1935 - ),Place of birth: Buenos Aires Argentina, 
Juan Carlos Lamas,"Velázquez, Rafael", ,Singer,(13 October 1921 - 27 July 2004),Place of birth: Rosario (Santa Fe) Argentina,https://www.todotango.com/english/artists/biography/1445/Juan-Carlos-Lamas/
Juan Carlos Miranda,"Sciorra, Rafael Miguel", ,Singer,(23 July 1917 - 8 July 1999),Place of birth: Chivilcoy (Buenos Aires) Argentina,https://www.todotango.com/english/artists/biography/954/Juan-Carlos-Miranda/
Juan Carlos Rolon,, ,Singer,(22 October 1922 - ),Place of birth: Martínez (Buenos Aires) Argentina, 
Juan Carlos Thorry,"Torrontegui, José Antonio", ,"Singer, actor, composer and lyricist",(28 June 1908 - 12 February 2000),Place of birth: Coronel Pringles (Buenos Aires) Argentina, 
Juan Cedron,"Cedrón, Juan Carlos",Nicknames: Tata,"Singer, guitarist, leader and composer",(28 June 1939 - ),Place of birth: Buenos Aires Argentina, 
Julia Vidal,, ,Singer,(n/d - n/d),Place of birth: , 
Julian Centeya,"Vergiati, Amleto Enrique",Nicknames: Julián Centeya y Enrique Alvarado,Poet and lyricist,(15 October 1910 - 26 July 1974),Place of birth: Borgataro (Parma) Italy,https://www.todotango.com/english/artists/biography/626/Julian-Centeya/
Julian Rosales,"Romero, Antonio", ,Singer,(9 February 1945 - ),Place of birth: Buenos Aires Argentina, 
Julio Cesar Fernan,"Fernández, Julio César", ,Singer,(16 September 1947 - ),Place of birth: Buenos Aires Argentina, 
Julio Martel,"Harispe, Julio Pedro", ,Singer,(14 May 1923 - 19 February 2009),Place of birth: Baigorrita (Buenos Aires) Argentina,https://www.todotango.com/english/artists/biography/699/Julio-Martel/
Julio Rodolfo,"Di Piazza, Rodolfo",Nicknames: Piazzita,"Singer, bassist, lyricist and dancer",(16 March 1933 - ),Place of birth: Buenos Aires Argentina, 
Julio Sosa,"Sosa Venturini, Julio María",Nicknames: El Varón del Tango,Singer and poet,(2 February 1926 - 26 November 1964),Place of birth: Las Piedras (Canelones) Uruguay,https://www.todotango.com/english/artists/biography/165/Julio-Sosa/
Lalo Martel,"Harispe, Raúl Oscar", ,Singer,(26 August 1930 - 18 June 2016),Place of birth: San Justo (Buenos Aires) Argentina,https://www.todotango.com/english/artists/biography/1672/Lalo-Martel/
Libertad Lamarque,"Lamarque, Libertad", ,Singer and actress,(24 November 1908 - 12 December 2000),Place of birth: Rosario (Santa Fe) Argentina,https://www.todotango.com/english/artists/biography/153/Libertad-Lamarque/
Lidia Borda,"Borda, Lidia", ,Singer,(18 April 1966 - ),Place of birth: San Martín (Buenos Aires) Argentina,https://www.todotango.com/english/artists/biography/1061/Lidia-Borda/
Lita Morales,, ,Singer,(n/d - n/d),Place of birth:  Argentina, 
Lucho Gatica,, ,Singer,(n/d - ),Place of birth: , 
Luis Alberto Fleitas,"Fleitas Aparicio, Luis Alberto", ,Singer and composer,(13 July 1919 - 25 September 2015),Place of birth: Montevideo Uruguay, 
Luis Correa,"Correa, Luis", ,Singer,(2 April 1928 - 23 April 1992),Place of birth: El Trébol (Santa Fe) Argentina,https://www.todotango.com/english/artists/biography/713/Luis-Correa/
Luis Diaz,"Díaz Espejo, Luis", ,Singer and lyricist ,(8 February 1893 - 19 April 1978),Place of birth: Paysandú Uruguay,https://www.todotango.com/english/artists/biography/789/Luis-Diaz/
Luis Mandarino,"Mannarino, Luis Esteban", ,"Guitarrist, singer and composer",(20 June 1899 - 27 February 1983),Place of birth: Buenos Aires Argentina, 
Luis Mendoza,"Bottini, Luis Alberto Elías", ,Singer and composer,(20 July 1911 - 5 November 1997),Place of birth: Montevideo Uruguay,https://www.todotango.com/english/artists/biography/1083/Luis-Mendoza/
Luis Scalon,"Scalon, Luis Juan", ,"Singer, guitarist, lyricist and composer",(3 March 1904 - 19 November 1985),Place of birth: La Plata (Buenos Aires) Argentina,https://www.todotango.com/english/artists/biography/1801/Luis-Scalon/
Luis Tolosa,, ,Singer,(6 May 1919 - 2016),Place of birth: La Plata (Buenos Aires) Argentina, 
Marcelo Biondini,"Biondini, Marcelo Luis",Nicknames: Walter Vira,"Singer, lyricist and composer",(5 April 1946 - ),Place of birth: Junín (Buenos Aires) Argentina,https://www.todotango.com/english/artists/biography/1590/Marcelo-Biondini/
Marcelo Paz,"Amespil, Pedro", ,Singer,(15 July 1931 - 5 April 1983),Place of birth: Buenos Aires Argentina,https://www.todotango.com/english/artists/biography/1540/Marcelo-Paz/
Marga Fontana,"Mangialabori, Ana María", ,Singer,(15 February 1940 - ),Place of birth: Buenos Aires Argentina, 
Maria De La Fuente,"Mattar, María Luisa", ,Singer,(25 April 1918 - 3 November 2013),Place of birth: General Roca (Río Negro) Argentina,https://www.todotango.com/english/artists/biography/762/Maria-de-la-Fuente/
Maria Grana,"Graña, María","Nicknames: Graña, María Carmen",Singer,(16 June 1953 - ),Place of birth: Buenos Aires Argentina,https://www.todotango.com/english/artists/biography/775/Maria-Grana/
Mariano Balcarce,"Bergamino, Mariano", ,Singer,(1910 - 1951),Place of birth: Buenos Aires Argentina,https://www.todotango.com/english/artists/biography/1857/Mariano-Balcarce/
Mario Alonso,"Alonso, Mario", ,"Singer, actor and lyricist",(22 June 1922 - 16 July 1972),Place of birth: Buenos Aires Argentina,https://www.todotango.com/english/artists/biography/1460/Mario-Alonso/
Mario Beltran,, ,Singer and composer,(n/d - ),Place of birth: , 
Mario Bustos,"Álvarez, Mario Nazareno", ,Singer and lyricist,(21 March 1924 - 2 January 1980),Place of birth: Buenos Aires Argentina,https://www.todotango.com/english/artists/biography/829/Mario-Bustos/
Mario Cane,, ,Singer,(n/d - ),Place of birth: , 
Mario Lagos,"Bagnone, Domingo Antonio",Nicknames: Mario Daer,Singer,(22 April 1929 - 20 June 2010),Place of birth: Chivilcoy (Buenos Aires) Argentina,https://www.todotango.com/english/artists/biography/1570/Mario-Lagos/
Mario Luna,"Di Filippo, Mario Roberto", ,Singer,(29 January 1935 - 15 August 2004),Place of birth: Buenos Aires Argentina,https://www.todotango.com/english/artists/biography/104/Mario-Luna/
Mario Pomar,"Corrales, Mario Celestino", ,Singer,(1 April 1920 - 21 May 1987),Place of birth: Buenos Aires Argentina,https://www.todotango.com/english/artists/biography/903/Mario-Pomar/
Martin Podesta,"Carrouche, Fidel Martín", ,Singer and composer,(19 December 1913 - 4 July 1975),Place of birth: Buenos Aires Argentina,https://www.todotango.com/english/artists/biography/1399/Martin-Podesta/
Mercedes Carne,"Carné, Mercedes", ,Singer and lyricist,(12 April 1908 - 21 September 1988),Place of birth: Río de Janeiro (Rio de Janeiro) Brazil,https://www.todotango.com/english/artists/biography/882/Mercedes-Carne/
Mercedes Simone,"Simone, Mercedes",Nicknames: La Dama del Tango,"Singer, lyricist and composer",(21 April 1904 - 2 October 1990),Place of birth: Villa Elisa (Buenos Aires) Argentina,https://www.todotango.com/english/artists/biography/131/Mercedes-Simone/
Miguel Martino,"Martino, Miguel", ,Bandoneonist and composer,(5 December 1909 - 19 November 1985),Place of birth: Rosario (Santa Fe) Argentina, 
Miguel Montero,"Montero, Miguel Ángel",Nicknames: Alberto Luna y El Negro de Oro,Singer and composer,(9 July 1922 - 29 August 1975),Place of birth: San Miguel de Tucumán (Tucumán) Argentina,https://www.todotango.com/english/artists/biography/696/Miguel-Montero/
Nelly Omar,"Vattuone, Nilda Elvira", ,Singer and composer,(10 September 1911 - 20 December 2013),Place of birth: Guaminí (Buenos Aires) Argentina,https://www.todotango.com/english/artists/biography/291/Nelly-Omar/
Nelly Vazquez,"Vázquez, Nelly Berta", ,Singer,(26 February 1937 - ),Place of birth: Morón (Buenos Aires) Argentina,https://www.todotango.com/english/artists/biography/910/Nelly-Vazquez/
Nestor Fabian,"Cotelo, José", ,Singer and actor,(30 November 1938 - ),Place of birth: Buenos Aires Argentina,https://www.todotango.com/english/artists/biography/919/Nestor-Fabian/
Nestor Real,"Coscarelli, Néstor Alberto",Nicknames: El Ruso,Singer,(26 February 1934 - 30 July 2000),Place of birth: Buenos Aires Argentina,https://www.todotango.com/english/artists/biography/671/Nestor-Real/
Nestor Rodi,"Loberto, Rodi", ,Speaker and lyricist,(10 October 1912 - 23 June 1995),Place of birth: Buenos Aires Argentina, 
Nicolas Abosky,"Abosky, Nicolás", ,Singer and composer,(1980 - ),Place of birth: Córdoba Argentina, 
Nilda Wilson,, ,Singer and lyricist,(n/d - ),Place of birth: , 
Nina Miranda,"Hunter Falero, Nelly María", ,Singer,(8 November 1925 - 1 January 2012),Place of birth: Montevideo Uruguay, 
Nito Mores,"Martínez, Alberto Mario", ,Singer and pianist,(11 August 1944 - 1 May 1984),Place of birth: Buenos Aires Argentina,https://www.todotango.com/english/artists/biography/1313/Nito-Mores/
Olga Delgrossi,"Del Grossi Sosa, Olga",Nicknames: La Dama del Tango,Singer,(12 July 1932 - ),Place of birth: Tacuarembó Uruguay,https://www.todotango.com/english/artists/biography/875/Olga-Delgrossi/
Olga Lamas,"Casabona, Olga", ,Singer,(3 June 1924 - 21 October 1988),Place of birth: Rosario (Santa Fe) Argentina,https://www.todotango.com/english/artists/biography/1701/Olga-Lamas/
Omar Garre,, ,Singer,(n/d - ),Place of birth: , 
Omar Quiros,"Ginefra, Omar Ego", ,Singer,(5 July 1926 - n/d),Place of birth: Buenos Aires Argentina, 
Orlando Medina,"Giustino, Orlando Luis", ,Singer,(30 March 1918 - 11 August 2004),Place of birth:  Argentina, 
Orlando Verri,"Verri, Orlando", ,Singer,(25 September 1923 - 16 May 1999),Place of birth: Buenos Aires Argentina, 
Ortega Del Cerro,"Del Cerro, Ortega", ,Singer,(n/d - ),Place of birth: Mendoza Argentina, 
Oscar Ferrari,"Rodríguez de Mendoza, Oscar Samuel", ,Singer,(9 August 1924 - 20 August 2008),Place of birth: Buenos Aires Argentina,https://www.todotango.com/english/artists/biography/791/Oscar-Ferrari/
Oscar Galan,, ,,(n/d - ),Place of birth: , 
Oscar Gallardo,, ,,(n/d - ),Place of birth: , 
Oscar Larroca,"Moretta, Oscar Antonio", ,Singer,(5 July 1922 - 26 August 1976),Place of birth: Buenos Aires Argentina,https://www.todotango.com/english/artists/biography/778/Oscar-Larroca/
Oscar Larroca ,"Moretta, Oscar Antonio", ,Singer,(5 July 1922 - 26 August 1976),Place of birth: Buenos Aires Argentina,https://www.todotango.com/english/artists/biography/778/Oscar-Larroca/
Oscar Luna,"Luna, Oscar", ,Singer,(6 June 1950 - ),Place of birth: Deán  Funes (Córdoba) Argentina,https://www.todotango.com/english/artists/biography/1488/Oscar-Luna/
Oscar Macri,"Macri, Oscar", ,Singer,(12 October 1935 - ),Place of birth: Buenos Aires Argentina, 
Oscar Peralta,, ,Singer,(n/d - ),Place of birth: , 
Oscar Serpa,"Serpa, Oscar", ,Singer and guitarist,(7 June 1919 - 8 November 1982),Place of birth: Luján de Cuyo (Mendoza) Argentina,https://www.todotango.com/english/artists/biography/838/Oscar-Serpa/
Oscar Ugarte,"Ugarteche, Oscar Juan", ,Singer,(3 April 1912 - 20 October 1990),Place of birth: Buenos Aires Argentina,https://www.todotango.com/english/artists/biography/1222/Oscar-Ugarte/
Oscar Valeta,, ,Singer,(n/d - ),Place of birth: , 
Osvaldo Arana,"Rotondaro, Francisco Osvaldo", ,Singer,(20 August 1932 - 28 July 1994),Place of birth: Buenos Aires Argentina,https://www.todotango.com/english/artists/biography/1468/Osvaldo-Arana/
Osvaldo Bazan,"Torino, Osvaldo Alfredo", ,Singer,(3 March 1923 - n/d),Place of birth: Buenos Aires Argentina,https://www.todotango.com/english/artists/biography/1397/Osvaldo-Bazan/
Osvaldo Cordo,"Alberti, Alfredo Agustín",Nicknames: Mocito,Singer and guitarist,(7 May 1923 - 26 May 1985),Place of birth: Dock Sud (Buenos Aires) Argentina,https://www.todotango.com/english/artists/biography/1264/Osvaldo-Cordo/
Osvaldo Moreno,"Buzón, Osvaldo Fortunato", ,Singer,(4 June 1912 - 28 August 1988),Place of birth: Buenos Aires Argentina,https://www.todotango.com/english/artists/biography/931/Osvaldo-Moreno/
Osvaldo Ramos,"Santieusanio, Ubaldo Pedro",Nicknames: Osvaldo Ramos / Osvaldo De Sanctis,"Singer, composer and lyricist",(13 May 1933 - 17 August 2015),Place of birth: Villa Adelina (Buenos Aires) Argentina,https://www.todotango.com/english/artists/biography/1000/Osvaldo-Ramos/
Osvaldo Ribo,"Osuna, Andrés Bartolomé", ,Siger,(30 November 1927 - 19 April 2015),Place of birth: Victoria (Entre Ríos) Argentina,https://www.todotango.com/english/artists/biography/663/Osvaldo-Ribo/
Pablo Lozano,"Lozano, Pablo", ,Singer,(12 December 1925 - 29 December 1992),Place of birth: Buenos Aires Argentina,https://www.todotango.com/english/artists/biography/1470/Pablo-Lozano/
Pablo Moreno,"Papasso, Leonardo Blas", ,Singer,(21 October 1923 - 4 September 1980),Place of birth: Cosenza Italy,https://www.todotango.com/english/artists/biography/850/Pablo-Moreno/
Patricia Lasala,"Lasala, Patricia Mónica", ,Singer,(5 December - ),Place of birth: ,https://www.todotango.com/english/artists/biography/685/Patricia-Lasala/
Pedro Datila,"D’Aquila, Pedro Juan", ,Singer,(2 August 1923 - n/d),Place of birth: ,https://www.todotango.com/english/artists/biography/1679/Pedro-Datila/
Pedro Lauga,"Lauga, Pedro José", ,Singer and lyricist,(27 May 1906 - 28 January 1979),Place of birth: Buenos Aires Argentina,https://www.todotango.com/english/artists/biography/1002/Pedro-Lauga/
Principe Azul,"de Costa, Herberto Emiliano", ,Singer and lyricist,(11 September 1901 - 9 September 1935),Place of birth: Buenos Aires Argentina,https://www.todotango.com/english/artists/biography/795/Principe-Azul/
Quique Ojeda,"Ojeda, Abraham Santos José", ,Singer,(1 November 1940 - ),Place of birth: San Miguel de Tucumán (Tucumán) Argentina,https://www.todotango.com/english/artists/biography/666/Quique-Ojeda/
Rafael Cisca,"Cisca, Rafael Vicente",Nicknames: Alejandro Fernández,Singer,(24 November 1907 - 1978),Place of birth: Buenos Aires Argentina, 
Raquel Notar,"Notar, Raquel", ,"Singer, lyricist and composer",(n/d - n/d),Place of birth: Buenos Aires Argentina, 
Raul Aldao,, ,Singer,(n/d - ),Place of birth: , 
Raul Beron,"Berón, Raúl", ,Singer,(30 March 1920 - 28 June 1982),Place of birth: Zárate (Buenos Aires) Argentina,https://www.todotango.com/english/artists/biography/13/Raul-Beron/
Raul Figueroa,"Figueroa, Raúl", ,Singer,(n/d - ),Place of birth: , 
Raul Garces,, ,Singer and violinist,(10 April 1915 - n/d),Place of birth: Córdoba Argentina, 
Raul Iriarte,"Fiorentino, Rafael", ,Singer,(15 October 1916 - 24 August 1982),Place of birth: Buenos Aires Argentina,https://www.todotango.com/english/artists/biography/57/Raul-Iriarte/
Raul Iriarte ,"Fiorentino, Rafael", ,Singer,(15 October 1916 - 24 August 1982),Place of birth: Buenos Aires Argentina,https://www.todotango.com/english/artists/biography/57/Raul-Iriarte/
Raul Lavie,"Peralta, Raúl Alberto",Nicknames: El Negro,Singer and actor,(22 August 1937 - ),Place of birth: Rosario (Santa Fe) Argentina,https://www.todotango.com/english/artists/biography/925/Raul-Lavie/
Raul Ledesma,"Sánchez, Juan José", ,Singer and composer,(25 May 1926 - 24 August 1987),Place of birth: Junín (Buenos Aires) Argentina,https://www.todotango.com/english/artists/biography/1343/Raul-Ledesma/
Ricardo Argentino,"Palomo, Carlos", ,Singer,(25 September 1918 - n/d),Place of birth: San Pablo (São Paulo) Brazil, 
Ricardo Blanco,, ,Singer,(n/d - ),Place of birth: , 
Ricardo Medina,"Friera, Domingo Marcelino", ,Singer,(2 April 1929 - n/d),Place of birth: Santa Fe Argentina, 
Ricardo Ruiz,"Ruiz, Ricardo Víctor", ,Singer,(28 July 1914 - 20 April 1976),Place of birth: Buenos Aires Argentina,https://www.todotango.com/english/artists/biography/772/Ricardo-Ruiz/
Roberto Alvar,"Álvarez, Roberto Oscar", ,Singer,(3 December 1932 - n/d),Place of birth: Buenos Aires Argentina, 
Roberto Arrieta,"Arrieta, Pedro Rosa", ,Singer and composer,(12 September 1915 - 17 September 1978),Place of birth: Rosario (Santa Fe) Argentina,https://www.todotango.com/english/artists/biography/937/Roberto-Arrieta/
Roberto Bayot,"Baiot, Roberto Ángel", ,Singer,(12 November 1937 - ),Place of birth: Buenos Aires Argentina,https://www.todotango.com/english/artists/biography/1687/Roberto-Bayot/
Roberto Beltran,"Zuker, León",Nicknames: Leoncito,Singer,(17 June 1916 - 2 July 1971),Place of birth: Buenos Aires Argentina,https://www.todotango.com/english/artists/biography/1111/Roberto-Beltran/
Roberto Chanel,"Mazzochi, Alfredo",Nicknames: El Turco,"Singer, composer and lyricist",(26 November 1914 - 24 July 1972),Place of birth: Buenos Aires Argentina,https://www.todotango.com/english/artists/biography/731/Roberto-Chanel/
Roberto Decarre,"Decarre, Roberto", ,"Singer, pianist and trumpetist",(1988 - ),Place of birth: Junín (Buenos Aires) Argentina, 
Roberto Diaz,"Carvalho, Roberto Pablo", ,Singer and composer,(5 April 1900 - 2 December 1961),Place of birth: Buenos Aires Argentina,https://www.todotango.com/english/artists/biography/927/Roberto-Diaz/
Roberto Flores,"Patti, Domingo",Nicknames: El Chato,Singer and composer,(29 July 1907 - 9 November 1981),Place of birth: Buenos Aires Argentina,https://www.todotango.com/english/artists/biography/950/Roberto-Flores/
Roberto Florio,"Florio, Roberto Ángel",Nicknames: Chocho,Singer,(9 November 1929 - 5 October 1993),Place of birth: Buenos Aires Argentina,https://www.todotango.com/english/artists/biography/780/Roberto-Florio/
Roberto Fugazot,"Fugazot, Santiago Roberto", ,"Singer, actor and composer",(20 June 1902 - 8 August 1971),Place of birth: Montevideo Uruguay,https://www.todotango.com/english/artists/biography/177/Roberto-Fugazot/
Roberto Goyeneche,"Goyeneche, Roberto",Nicknames: El Polaco,Singer,(29 January 1926 - 27 August 1994),Place of birth: Buenos Aires Argentina,https://www.todotango.com/english/artists/biography/151/Roberto-Goyeneche/
Roberto Luque,, ,Singer,(n/d - ),Place of birth: , 
Roberto Maida,"Maida, Domenico", ,Singer and lyricist,(3 March 1908 - 30 March 1993),Place of birth: Francica (Vibo Valentia) Italy,https://www.todotango.com/english/artists/biography/135/Roberto-Maida/
Roberto Mancini,"Brandy Mancini, Roberto Mario", ,Singer,(15 September 1938 - 20 January 2018),Place of birth: Buenos Aires Argentina, 
Roberto Medina,"Medina, Pedro José", ,"Singer, composer and lyricist ",(14 October 1923 - 12 March 2000),Place of birth: Lanús (Buenos Aires) Argentina, 
Roberto Minondi,"Minondi, Roberto", ,Singer,(n/d - ),Place of birth: , 
Roberto Morel,"Spinelli, Oscar Norberto",Nicknames: Roberto Spinelli,Singer and composer,(25 May 1926 - 21 January 1991),Place of birth: Buenos Aires Argentina,https://www.todotango.com/english/artists/biography/1602/Roberto-Morel/
Roberto Ray,"Raimondo, Roberto", ,Singer and lyricist,(21 December 1912 - 23 September 1960),Place of birth: Buenos Aires Argentina,https://www.todotango.com/english/artists/biography/646/Roberto-Ray/
Roberto Ray ,"Raimondo, Roberto", ,Singer and lyricist,(21 December 1912 - 23 September 1960),Place of birth: Buenos Aires Argentina,https://www.todotango.com/english/artists/biography/646/Roberto-Ray/
Roberto Rufino,"Rufino, Roberto","Nicknames: El pibe del Abasto, y El pibe Terremoto",Singer and composer,(6 January 1922 - 24 February 1999),Place of birth: Buenos Aires Argentina,https://www.todotango.com/english/artists/biography/155/Roberto-Rufino/
Roberto Rufino ,"Rufino, Roberto","Nicknames: El pibe del Abasto, y El pibe Terremoto",Singer and composer,(6 January 1922 - 24 February 1999),Place of birth: Buenos Aires Argentina,https://www.todotango.com/english/artists/biography/155/Roberto-Rufino/
Roberto Taibo,"Sánchez, Héctor Justo", ,Singer,(16 October 1919 - n/d),Place of birth: Buenos Aires Argentina,https://www.todotango.com/english/artists/biography/1476/Roberto-Taibo/
Roberto Videla,"De Tomaso, Antonio Genaro", ,Singer,(16 December 1924 - 1 January 2005),Place of birth: Buenos Aires Argentina,https://www.todotango.com/english/artists/biography/1115/Roberto-Videla/
Roberto Yanes,"Iannacone, Roberto César", ,Singer,(25 April 1932 - 29 May 2019),Place of birth: Villa de María del Río Seco (Córdoba) Argentina, 
Rodolfo Gale,"Tobares Galletti, Juan Dionisio", ,Singer,(26 December 1928 - 25 October 1972),Place of birth: Mendoza Argentina,https://www.todotango.com/english/artists/biography/864/Rodolfo-Gale/
Rodolfo Lemos,"Otero, Rodolfo", ,Singer and lyricist,(31 October 1932 - 16 August 2019),Place of birth: Buenos Aires Argentina, 
Rodolfo Lesica,"Aiello, Rodolfo Oscar", ,Singer,(12 November 1928 - 19 July 1984),Place of birth: Buenos Aires Argentina,https://www.todotango.com/english/artists/biography/783/Rodolfo-Lesica/
Rodriguez Lesende,"Rodríguez Lesende, Antonio", ,Singer,(1905 - 2 October 1979),Place of birth: Vigo (Pontevedra) Spain,https://www.todotango.com/english/artists/biography/163/Antonio-Rodriguez-Lesende/
Roger Toussaint,, ,,(n/d - ),Place of birth: , 
Roman Prince,"Principato, Ramón", ,Singer,(3 May 1900 - 24 July 1968),Place of birth: Buenos Aires Argentina, 
Romeo Gavio,"Gavioli, Romeo",Nicknames: Romeo Gavio,"Singer, violinist, composer and bandleader",(5 February 1913 - 17 April 1957),Place of birth: Montevideo Uruguay,https://www.todotango.com/english/artists/biography/970/Romeo-Gavioli/
Ruben Cane,"Cleriere, León Rubén", ,Singer,(25 May 1927 - 5 September 2012),Place of birth: Buenos Aires Argentina,https://www.todotango.com/english/artists/biography/1239/Ruben-Cane/
Ruben Linares,"Taboada, Miguel Angel", ,Singer and violinist,(13 November 1945 - ),Place of birth: Lobos (Buenos Aires) Argentina, 
Ruben Sanchez,"Sánchez, Rubén",Nicknames: El Gallego / La Voz vibrante del tango,Singer,(6 October 1936 - ),Place of birth: Rosario (Santa Fe) Argentina,https://www.todotango.com/english/artists/biography/1725/Ruben-Sanchez/
Ruth Durante,"Durante, Ruth",Nicknames: La Polaca,Singer,(19 May 1935 - ),Place of birth: Balcarce (Buenos Aires) Argentina,https://www.todotango.com/english/artists/biography/1178/Ruth-Durante/
Sabina Olmos,"Gómez, Rosa Herminia", ,Singer and actress,(3 February 1913 - 14 January 1999),Place of birth: Buenos Aires Argentina,https://www.todotango.com/english/artists/biography/720/Sabina-Olmos/
Samuel Aguayo,"Aguayo, Samuel", ,"Singer, guitarrist and composer",(26 June 1909 - 18 March 1993),Place of birth: Villeta del Guarnipitán (Departamento Central) Paraguay, 
Sandra Cabal,"Carabajal, Sandra Patricia", ,Singer,(1964 - ),Place of birth: Bahía Blanca (Buenos Aires) Argentina,https://www.todotango.com/english/artists/biography/1782/Sandra-Cabal/
Tango,"Bedrune, Ebe Nelly Olga","Nicknames: La Mujer Tango, La Dama Blanca","Pianist, leader and composer",(27 June 1924 - 8 January 1996),Place of birth: Rosario (Santa Fe) Argentina,https://www.todotango.com/english/artists/biography/1480/Ebe-Bedrune/
Tania,"Luciano Divis, Ana", ,Singer and actress,(13 October 1894 - 17 February 1999),Place of birth: Toledo (Toledo) Spain, 
Teofilo Ibanez,"Ibáñez, Teófilo", ,Singer and composer,(22 July 1907 - 10 March 1986),Place of birth: Pamplona (Navarra) Spain,https://www.todotango.com/english/artists/biography/906/Teofilo-Ibanez/
Tino Garcia,"García, Constantino", ,Singer,(25 June 1910 - 22 April 2007),Place of birth: Buenos Aires Argentina,https://www.todotango.com/english/artists/biography/1097/Tino-Garcia/
Tita Merello,"Merello, Laura Ana", ,Singer and actress,(11 October 1904 - 24 December 2002),Place of birth: Buenos Aires Argentina,https://www.todotango.com/english/artists/biography/167/Tita-Merello/
Tito Lando,"Cacciatore, Néstor Gilberto", ,Singer,(8 May 1934 - ),Place of birth: Buenos Aires Argentina,https://www.todotango.com/english/artists/biography/1362/Tito-Lando/
Tito Reyes,"Sconza, Tito Cosme", ,Singer and lyricist,(28 February 1928 - 9 May 2007),Place of birth: Valentín Alsina (Buenos Aires) Argentina, 
Victor Ruiz,"Ruiz, Víctor", ,Singer,(n/d - ),Place of birth: , 
Walter Cabral,"Cabral, Walter Obdulio", ,Singer,(27 October 1917 - 1993),Place of birth: Buenos Aires Argentina,https://www.todotango.com/english/artists/biography/1796/Walter-Cabral/
Ximena Gimenez,"Giménez, Ximena", ,Singer,(n/d - ),Place of birth: , 
Zulema Robles,"Maldonado, Norma Zulma", ,Singer,(4 March 1940 - ),Place of birth: Pergamino (Buenos Aires) Argentina,https://www.todotango.com/english/artists/biography/668/Zulema-Robles/
